Attrition_Flag,Customer_Age,Gender,Dependent_count,Education_Level,Marital_Status,Income_Category,Card_Category,Months_on_book,Total_Relationship_Count,Months_Inactive_12_mon,Contacts_Count_12_mon,Credit_Limit,Total_Revolving_Bal,Avg_Open_To_Buy,Total_Amt_Chng_Q4_Q1,Total_Trans_Amt,Total_Trans_Ct,Total_Ct_Chng_Q4_Q1,Avg_Utilization_Ratio
0,48,F,2,Graduate,Divorced,Less than $40K,Blue,40,5,3,3,1452.6,0,1478.6,0.664,1058,21,0.642,0.0
1,57,F,3,High School,Single,Less than $40K,Blue,48,3,3,4,1438.3,0,1464.9,0.486,675,10,0.393,0.0
0,47,M,2,Graduate,Married,$60K - $80K,Blue,42,5,2,0,2467.6,680,1758.1,1.171,1314,35,1.053,0.279
0,43,M,2,Graduate,Married,$60K - $80K,Blue,36,4,2,0,6953.5,1405,5274.9,1.346,1201,37,0.706,0.21
0,42,M,2,Graduate,Married,$80K - $120K,Blue,30,6,2,3,18302.9,2267,16350.2,1.9,1778,34,0.774,0.12
1,47,M,1,Doctorate,Divorced,$60K - $80K,Blue,42,5,2,0,2182.7,0,2210.3,0.424,694,15,0.584,0.0
1,50,F,2,Graduate,Married,Less than $40K,Blue,40,4,3,3,1483.7,0,1464.1,0.411,617,15,0.353,0.0
0,48,F,2,Graduate,Married,Less than $40K,Blue,36,5,2,2,2530.2,1562,1438.3,0.838,1439,27,0.855,0.618
0,41,F,3,High School,Single,Less than $40K,Blue,33,3,2,1,1438.3,971,1438.3,1.788,1059,25,0.361,0.669
0,41,F,3,High School,Single,Less than $40K,Blue,33,3,2,1,1453.9,975,1438.3,1.798,1064,22,0.35,0.685
1,55,M,2,Graduate,Married,$60K - $80K,Blue,46,2,3,3,2172.7,0,2250.8,0.388,651,10,0.332,0.0
0,47,F,4,High School,Single,Less than $40K,Blue,36,3,3,2,2468.8,1559,1438.3,0.564,1124,27,0.362,0.608
0,47,F,4,High School,Single,Less than $40K,Blue,36,3,3,2,2504.1,1559,1438.3,0.564,1124,18,0.344,0.614
0,51,M,3,Graduate,Married,$80K - $120K,Blue,36,4,1,0,3287.2,0,3370.9,2.545,1888,21,2.268,0.0
1,62,F,0,Graduate,Married,Less than $40K,Blue,49,2,3,3,1438.3,5,1488.2,1.064,692,17,0.593,0.0
0,42,M,4,College,Married,$80K - $120K,Blue,31,3,3,2,8258.1,1928,6446.4,0.628,1202,21,0.936,0.228
0,49,F,5,Graduate,Single,Less than $40K,Blue,44,6,1,2,8088.8,868,7295.7,1.533,1293,29,3.601,0.104
1,55,M,2,Graduate,Married,$60K - $80K,Blue,46,2,3,3,2206.8,0,2171.8,0.385,645,10,0.314,0.0
0,44,M,3,Graduate,Married,$40K - $60K,Blue,36,3,3,0,4700.1,0,4756.3,1.529,1091,20,0.495,0.0
0,42,M,4,Graduate,Married,$60K - $80K,Gold,36,2,3,3,33541.1,1200,33593.6,0.669,1353,43,0.792,0.035
0,49,F,5,Graduate,Single,Less than $40K,Blue,44,6,1,2,8498.0,861,7469.3,1.543,1292,38,3.803,0.11
1,49,F,2,Graduate,Single,Less than $40K,Blue,36,2,3,3,1438.3,0,1438.3,0.515,655,18,0.446,0.0
1,58,F,2,High School,Single,Less than $40K,Blue,48,3,3,4,1440.2,0,1438.3,0.5,685,14,0.397,0.0
1,47,M,1,Doctorate,Divorced,$60K - $80K,Blue,42,5,2,0,2130.5,0,2287.0,0.411,693,20,0.614,0.0
0,41,M,2,Graduate,Married,$80K - $120K,Blue,36,4,2,2,8541.0,0,8933.3,2.091,1266,32,0.588,0.0
0,55,M,3,Graduate,Married,$60K - $80K,Blue,45,4,2,3,4243.4,1514,2742.7,1.446,1352,35,1.687,0.356
0,39,F,1,College,Single,Less than $40K,Blue,28,5,2,2,2965.1,1472,1569.2,0.861,1205,33,0.683,0.475
1,62,F,0,Graduate,Married,Less than $40K,Blue,49,2,3,3,1449.1,0,1441.8,1.073,694,14,0.605,0.0
0,49,M,3,Graduate,Married,$80K - $120K,Blue,36,5,1,3,11516.0,1672,10101.4,1.53,1444,27,0.873,0.149
0,40,M,1,High School,Married,$60K - $80K,Blue,36,5,2,1,13600.2,0,13400.2,0.578,1037,17,0.571,0.0
0,46,M,2,Graduate,Married,$60K - $80K,Blue,36,4,1,2,9337.3,1409,8005.6,1.376,1307,37,1.289,0.152
0,46,M,3,Graduate,Married,$60K - $80K,Blue,36,4,1,2,9801.1,1409,7778.5,1.328,1312,32,1.339,0.145
0,48,M,3,Graduate,Married,$60K - $80K,Blue,36,5,3,4,3034.2,0,3059.2,1.873,1458,12,1.009,0.0
0,42,M,3,Graduate,Married,$40K - $60K,Blue,36,3,1,2,3925.2,1242,2798.8,1.39,1086,24,0.829,0.293
1,58,F,2,High School,Single,Less than $40K,Blue,48,3,3,4,1462.0,0,1438.3,0.497,683,15,0.4,0.0
0,52,M,3,Graduate,Married,$60K - $80K,Blue,40,3,1,0,8338.3,1648,7117.2,1.538,1313,30,1.369,0.197
0,47,M,2,Graduate,Married,$60K - $80K,Blue,42,5,2,0,2446.2,681,1713.0,1.199,1307,33,1.055,0.282
0,36,F,3,Graduate,Single,Less than $40K,Blue,24,4,1,3,2334.8,1223,1438.3,0.843,1063,30,0.92,0.5
0,36,F,3,Graduate,Single,Less than $40K,Blue,24,4,1,3,2365.4,1219,1438.3,0.852,1063,27,0.899,0.502
0,45,F,4,Graduate,Single,Less than $40K,Blue,36,6,1,3,1444.0,0,1468.4,1.005,1207,32,0.629,0.0
0,36,F,3,Graduate,Single,Less than $40K,Blue,24,4,1,3,2465.9,1216,1438.3,0.84,1069,32,0.928,0.504
1,54,F,3,Uneducated,Married,Unknown,Blue,42,5,1,2,1443.2,0,1438.3,0.987,700,19,0.903,0.0
1,45,M,3,Graduate,Married,$60K - $80K,Blue,36,4,3,3,1438.3,5,1469.3,0.565,699,13,0.494,0.0
1,49,F,2,Graduate,Single,Less than $40K,Blue,36,2,3,3,1438.3,0,1438.3,0.514,658,14,0.452,0.0
0,51,M,3,Graduate,Married,$80K - $120K,Blue,36,4,1,0,3316.9,0,3406.2,2.551,1886,24,2.366,0.0
1,54,F,3,Uneducated,Married,Unknown,Blue,42,5,1,2,1438.3,0,1463.7,1.017,708,22,0.863,0.0
0,51,M,4,Unknown,Married,$120K +,Gold,46,6,1,3,34198.0,2262,32672.8,1.975,1331,35,0.739,0.067
1,47,M,1,Doctorate,Divorced,$60K - $80K,Blue,42,5,2,0,2239.4,0,2123.9,0.422,694,20,0.596,0.0
1,52,F,2,Graduate,Married,Less than $40K,Blue,44,3,3,3,1448.2,0,1480.8,0.453,650,13,0.403,0.0
0,42,F,3,Uneducated,Married,Less than $40K,Blue,32,5,3,2,2315.4,0,2466.2,0.649,969,22,0.361,0.0
0,41,M,3,Uneducated,Married,$80K - $120K,Blue,36,4,4,1,4304.7,1669,2575.4,1.573,1537,26,0.547,0.384
0,40,F,4,High School,Unknown,Less than $40K,Blue,34,3,4,1,3287.5,2516,1438.3,1.381,1170,17,2.3,0.763
0,49,M,3,Graduate,Married,$80K - $120K,Blue,36,5,1,3,11498.2,1672,10077.6,1.504,1440,28,0.877,0.145
1,58,F,2,High School,Single,Less than $40K,Blue,48,3,3,4,1455.9,0,1445.8,0.484,684,19,0.394,0.0
0,54,M,1,Doctorate,Married,$60K - $80K,Blue,40,2,3,3,8723.2,1403,7064.4,1.318,1316,32,1.404,0.161
0,37,M,3,Uneducated,Single,$60K - $80K,Blue,36,5,3,0,22768.3,0,22051.8,1.104,880,17,0.715,0.0
0,43,F,2,High School,Single,Less than $40K,Blue,36,4,2,2,1438.3,967,1438.3,1.748,1058,26,0.349,0.696
0,42,M,4,College,Married,$80K - $120K,Blue,31,3,3,2,8300.3,1934,6571.6,0.641,1202,25,0.921,0.233
0,49,F,5,Graduate,Single,Less than $40K,Blue,44,6,1,2,8310.7,861,7472.4,1.549,1294,31,3.625,0.107
0,44,F,3,Graduate,Single,Less than $40K,Blue,36,4,2,2,3377.6,1925,1438.3,0.868,1168,33,2.315,0.577
0,42,M,3,Graduate,Married,$40K - $60K,Blue,36,3,1,2,3971.6,1244,2805.6,1.399,1085,25,0.851,0.316
1,58,F,2,High School,Single,Less than $40K,Blue,48,3,3,4,1438.3,0,1438.3,0.486,681,18,0.397,0.0
0,49,M,3,College,Married,$80K - $120K,Blue,36,5,1,3,11398.1,1927,9948.4,0.635,1442,33,0.88,0.163
0,37,M,3,College,Married,$40K - $60K,Blue,36,3,3,0,8886.2,1649,7197.5,1.455,1301,36,1.414,0.182
0,32,M,0,High School,Unknown,$60K - $80K,Silver,27,2,2,2,29553.6,1393,27484.3,2.216,1535,36,0.692,0.047
0,45,F,4,Graduate,Single,Less than $40K,Blue,36,6,1,3,1477.3,0,1438.3,1.03,1203,33,0.636,0.0
0,58,M,0,Graduate,Unknown,$80K - $120K,Blue,49,4,1,3,17971.1,1725,15846.8,0.878,1538,33,0.658,0.096
1,48,F,3,Graduate,Married,Less than $40K,Blue,36,2,3,4,1467.2,0,1471.7,0.477,631,17,0.385,0.0
0,42,M,1,Graduate,Married,$40K - $60K,Blue,36,4,2,2,4039.0,1465,2519.2,0.855,1084,36,0.85,0.357
0,55,F,3,Graduate,Married,Less than $40K,Blue,36,3,3,4,1438.3,0,1448.3,0.631,1059,18,0.358,0.0
0,50,M,1,High School,Married,$40K - $60K,Blue,36,3,2,3,4039.0,1359,2652.5,0.941,1013,21,0.731,0.342
0,40,F,4,High School,Unknown,Less than $40K,Blue,34,3,4,1,3414.9,2517,1438.3,1.44,1166,15,2.412,0.749
0,49,F,5,Graduate,Single,Less than $40K,Blue,44,6,1,2,8250.1,865,7403.4,1.544,1289,36,3.729,0.102
0,44,M,2,Graduate,Married,$40K - $60K,Blue,36,3,1,2,4135.5,1249,2692.1,1.381,1093,20,0.874,0.31
0,57,F,2,Graduate,Single,Less than $40K,Blue,36,6,2,2,2308.4,677,1791.0,1.175,1307,38,1.046,0.277
0,40,F,4,High School,Unknown,Less than $40K,Blue,34,3,4,1,3367.5,2517,1438.3,1.396,1166,16,2.418,0.762
0,57,F,2,Graduate,Single,Less than $40K,Blue,36,6,2,2,2440.2,679,1701.3,1.205,1316,34,1.078,0.277
1,57,F,3,High School,Single,Less than $40K,Blue,48,3,3,4,1438.3,0,1438.3,0.499,685,10,0.404,0.0
0,48,M,3,High School,Married,$60K - $80K,Blue,36,5,1,2,12714.3,1733,11291.0,0.92,1146,42,1.633,0.135
0,41,M,3,Uneducated,Married,$80K - $120K,Blue,36,4,4,1,4107.0,1670,2652.3,1.533,1537,27,0.559,0.388
0,43,F,2,High School,Single,Less than $40K,Blue,36,4,2,2,1438.3,974,1438.3,1.765,1063,27,0.361,0.685
0,37,M,3,College,Married,$40K - $60K,Blue,36,3,3,0,9169.0,1650,7404.9,1.476,1296,35,1.433,0.178
0,40,M,3,College,Married,$60K - $80K,Blue,36,4,1,1,18932.5,5,18270.7,1.159,1785,31,0.735,0.0
0,50,M,4,Graduate,Married,$80K - $120K,Blue,36,4,2,2,30052.2,1682,29881.6,1.454,1667,32,0.908,0.053
0,36,F,3,Graduate,Single,Less than $40K,Blue,24,4,1,3,2390.7,1220,1438.3,0.843,1065,32,0.914,0.515
0,47,F,4,High School,Single,Less than $40K,Blue,36,3,3,2,2467.0,1564,1438.3,0.559,1121,28,0.355,0.623
0,54,M,1,Doctorate,Married,$60K - $80K,Blue,40,2,3,3,8703.5,1408,7290.2,1.34,1308,36,1.355,0.167
0,37,M,3,Uneducated,Single,$60K - $80K,Blue,36,5,3,0,22499.0,0,22458.7,1.119,882,22,0.745,0.0
0,49,M,2,Graduate,Married,$40K - $60K,Blue,41,3,2,0,2919.7,2440,1438.3,1.025,1180,24,1.048,0.845
0,47,M,2,Graduate,Married,$60K - $80K,Blue,42,5,2,0,2461.0,680,1749.1,1.225,1314,36,1.065,0.277
0,43,M,2,Graduate,Married,$60K - $80K,Blue,36,4,2,0,6761.1,1408,5336.3,1.363,1201,40,0.655,0.203
1,48,F,3,Graduate,Married,Less than $40K,Blue,36,2,3,4,1466.2,0,1438.3,0.481,630,10,0.391,0.0
0,48,F,2,Graduate,Married,Less than $40K,Blue,36,5,2,2,2457.0,1556,1438.3,0.863,1440,29,0.88,0.625
0,36,F,3,Graduate,Single,Less than $40K,Blue,24,4,1,3,2414.1,1217,1438.3,0.833,1070,23,0.925,0.504
1,66,F,0,Doctorate,Married,Unknown,Blue,56,5,4,3,7820.2,608,7383.6,1.074,602,11,0.491,0.079
0,45,M,3,College,Married,$60K - $80K,Blue,36,5,1,1,12319.5,1356,11317.7,0.922,1148,36,1.667,0.105
0,52,M,3,Graduate,Married,$60K - $80K,Blue,40,3,1,0,8597.6,1643,6910.9,1.478,1312,31,1.385,0.195
0,47,M,2,Graduate,Single,$80K - $120K,Blue,36,5,1,2,11840.5,2260,9140.5,1.979,1534,31,0.422,0.19
0,42,M,4,College,Married,$80K - $120K,Blue,31,3,3,2,8352.9,1936,6538.7,0.61,1200,20,0.915,0.23
0,47,F,4,High School,Single,Less than $40K,Blue,36,3,3,2,2480.3,1561,1438.3,0.582,1127,25,0.357,0.627
1,51,F,3,High School,Single,Less than $40K,Blue,36,6,3,3,2438.9,0,2560.1,1.049,933,18,0.493,0.0
0,49,M,3,Graduate,Married,$80K - $120K,Blue,36,5,1,3,11557.9,1679,9401.0,1.497,1444,31,0.897,0.142
1,58,F,2,High School,Single,Less than $40K,Blue,48,3,3,4,1438.3,0,1498.4,0.479,681,10,0.413,0.0
0,45,M,2,Graduate,Single,$80K - $120K,Blue,37,6,1,2,9770.7,1214,8686.7,0.871,1101,30,1.157,0.125
0,44,F,3,Uneducated,Single,Less than $40K,Blue,34,5,2,2,10067.4,0,10323.9,0.513,1052,15,1.548,0.0
0,47,M,2,Graduate,Married,$60K - $80K,Blue,42,5,2,0,2455.7,676,1719.5,1.229,1316,28,1.07,0.28
0,38,F,4,High School,Single,Less than $40K,Blue,28,2,3,3,2521.7,1577,1438.3,0.753,1072,22,0.893,0.646
0,51,M,2,College,Married,$80K - $120K,Blue,40,4,2,3,8665.2,1669,6819.2,1.567,1263,29,0.618,0.198
0,49,M,3,Graduate,Married,$80K - $120K,Blue,36,5,1,3,11716.0,1675,9854.5,1.514,1438,28,0.89,0.143
0,49,M,3,College,Married,$80K - $120K,Blue,36,5,1,3,11638.6,1934,10097.3,0.638,1437,29,0.849,0.167
0,37,M,3,Uneducated,Single,$60K - $80K,Blue,36,5,3,0,21494.2,0,22266.8,1.11,880,24,0.71,0.0
1,55,M,2,Graduate,Married,$60K - $80K,Blue,46,2,3,3,2191.8,0,2202.5,0.4,652,12,0.331,0.0
0,45,M,3,High School,Married,$60K - $80K,Blue,39,5,1,3,12706.3,777,12121.3,1.336,1144,40,1.615,0.063
0,32,M,0,High School,Unknown,$60K - $80K,Silver,27,2,2,2,30513.7,1400,27959.5,2.16,1541,39,0.697,0.047
1,55,M,2,Graduate,Married,$60K - $80K,Blue,46,2,3,3,2184.6,0,2199.6,0.407,649,11,0.336,0.0
0,48,M,3,High School,Married,$60K - $80K,Blue,36,5,1,2,12767.5,1733,11042.0,0.914,1140,36,1.633,0.135
0,42,M,5,Uneducated,Unknown,$120K +,Blue,31,5,3,2,6743.3,1462,5534.8,0.827,1203,38,0.677,0.216
0,42,M,1,Graduate,Married,$40K - $60K,Blue,36,4,2,2,3916.3,1469,2540.1,0.814,1091,32,0.833,0.352
0,32,M,0,High School,Unknown,$60K - $80K,Silver,27,2,2,2,29745.7,1393,27796.3,2.091,1542,40,0.729,0.048
0,58,M,0,Graduate,Unknown,$80K - $120K,Blue,49,4,1,3,18267.7,1729,16609.8,0.919,1537,32,0.657,0.094
0,58,M,0,Graduate,Unknown,$80K - $120K,Blue,49,4,1,3,18281.7,1726,16627.7,0.968,1539,37,0.63,0.095
0,41,M,2,Graduate,Married,$80K - $120K,Blue,36,4,2,2,8477.9,0,8840.0,2.26,1270,26,0.604,0.0
0,40,M,3,Uneducated,Married,$60K - $80K,Blue,21,5,1,0,4848.3,0,4776.2,2.174,820,31,2.525,0.0
0,45,M,2,Graduate,Single,$80K - $120K,Blue,37,6,1,2,9651.6,1218,8511.9,0.848,1107,37,1.125,0.124
0,63,M,1,High School,Married,$60K - $80K,Blue,56,3,3,2,3249.7,1916,1438.3,0.865,1013,29,0.577,0.602
0,51,M,4,Unknown,Married,$120K +,Gold,46,6,1,3,34516.0,2267,31512.6,1.997,1329,33,0.733,0.065
1,52,F,2,Graduate,Married,Less than $40K,Blue,44,3,3,3,1438.3,0,1447.0,0.445,645,17,0.385,0.0
0,43,M,2,Graduate,Married,$60K - $80K,Blue,36,4,2,0,6671.6,1405,5263.4,1.384,1206,36,0.698,0.215
0,57,M,2,Post-Graduate,Married,$40K - $60K,Blue,48,5,2,0,9469.8,0,9438.9,1.16,1119,27,0.534,0.0
0,40,M,3,College,Married,$60K - $80K,Blue,36,4,1,1,18203.8,0,18509.9,1.21,1779,32,0.759,0.0
0,41,M,2,Graduate,Married,$80K - $120K,Blue,36,4,2,2,8367.2,0,8690.5,2.245,1266,34,0.61,0.0
0,49,M,2,Graduate,Married,$40K - $60K,Blue,41,3,2,0,2955.0,2434,1438.3,1.034,1181,20,1.09,0.826
0,41,M,3,High School,Single,$80K - $120K,Blue,28,4,1,1,4179.3,1,4407.8,2.501,1528,19,0.804,0.0
0,36,F,3,Graduate,Single,Less than $40K,Blue,24,4,1,3,2453.0,1219,1438.3,0.862,1072,27,0.944,0.515
1,55,M,2,Graduate,Married,$60K - $80K,Blue,46,2,3,3,2152.7,0,2182.3,0.398,650,17,0.333,0.0
0,55,F,1,Graduate,Married,Unknown,Blue,36,2,3,4,15242.3,2044,12984.6,1.425,1184,21,1.135,0.137
1,62,F,0,Graduate,Married,Less than $40K,Blue,49,2,3,3,1438.3,0,1472.5,1.049,694,13,0.611,0.0
0,37,M,3,College,Married,$40K - $60K,Blue,36,3,3,0,9045.4,1644,7273.9,1.503,1306,36,1.4,0.182
0,41,M,2,Graduate,Single,$80K - $120K,Blue,36,4,2,3,4346.6,1673,2639.2,1.509,1534,29,0.567,0.397
0,46,M,2,Graduate,Married,$60K - $80K,Blue,36,4,1,2,9218.3,1399,8159.8,1.314,1308,35,1.35,0.149
0,58,M,0,Graduate,Unknown,$80K - $120K,Blue,49,4,1,3,18078.9,1726,16171.2,0.926,1540,32,0.647,0.097
0,51,M,2,College,Married,$80K - $120K,Blue,40,4,2,3,8860.7,1666,7157.7,1.549,1264,27,0.585,0.199
1,62,F,0,Graduate,Married,Less than $40K,Blue,49,2,3,3,1438.3,0,1438.3,1.051,688,20,0.599,0.0
0,45,F,4,Graduate,Single,Less than $40K,Blue,36,6,1,3,1443.6,0,1441.9,1.047,1198,26,0.624,0.0
1,48,F,3,Graduate,Married,Less than $40K,Blue,36,2,3,4,1445.8,0,1438.3,0.476,635,11,0.388,0.0
0,51,M,3,Graduate,Married,$80K - $120K,Blue,36,4,1,0,3471.4,0,3419.1,2.671,1887,25,2.355,0.0
0,45,M,3,High School,Married,$60K - $80K,Blue,39,5,1,3,12377.0,779,11652.8,1.292,1146,40,1.602,0.061
0,40,M,3,Uneducated,Married,$60K - $80K,Blue,21,5,1,0,4591.5,3,4580.2,2.139,811,32,2.464,0.0
0,43,F,2,High School,Single,Less than $40K,Blue,36,4,2,2,1453.3,973,1438.3,1.761,1064,30,0.352,0.669
0,54,M,1,Doctorate,Married,$60K - $80K,Blue,40,2,3,3,8597.8,1405,7022.0,1.31,1311,30,1.333,0.165
0,59,M,1,High School,Single,$60K - $80K,Blue,46,4,1,4,7466.2,2263,5068.5,2.015,1258,22,0.871,0.304
0,37,M,3,Uneducated,Single,$60K - $80K,Blue,36,5,3,0,22506.9,0,21389.3,1.159,876,22,0.722,0.0
0,46,F,2,High School,Married,Less than $40K,Blue,36,4,2,2,2402.9,1690,1438.3,1.322,1313,33,1.0,0.695
0,47,M,2,Graduate,Married,$60K - $80K,Blue,42,5,2,0,2447.3,685,1709.5,1.195,1316,28,1.054,0.275
0,43,F,2,High School,Single,Less than $40K,Blue,36,4,2,2,1446.7,969,1438.3,1.721,1054,27,0.346,0.689
0,48,M,3,Graduate,Married,$60K - $80K,Blue,36,5,3,4,2991.6,0,3096.3,1.832,1457,20,0.967,0.0
0,39,M,2,Graduate,Single,$80K - $120K,Blue,36,5,1,2,10300.5,2363,7463.8,1.695,1106,34,1.105,0.241
1,54,F,3,Uneducated,Married,Unknown,Blue,42,5,1,2,1451.9,0,1503.1,0.989,707,16,0.902,0.0
0,48,M,3,High School,Married,$60K - $80K,Blue,36,5,1,2,12388.6,1724,11177.2,0.947,1145,43,1.668,0.134
0,40,F,4,High School,Unknown,Less than $40K,Blue,34,3,4,1,3356.5,2517,1438.3,1.421,1171,23,2.348,0.761
0,48,F,2,Graduate,Divorced,Less than $40K,Blue,40,5,3,3,1438.3,0,1438.3,0.658,1059,16,0.659,0.0
0,40,F,4,High School,Unknown,Less than $40K,Blue,34,3,4,1,3365.2,2517,1438.3,1.412,1168,20,2.354,0.767
0,40,F,4,High School,Unknown,Less than $40K,Blue,34,3,4,1,3389.8,2517,1438.3,1.419,1176,15,2.312,0.756
0,51,M,4,Unknown,Married,$120K +,Gold,46,6,1,3,33949.5,2262,31190.7,2.02,1330,32,0.712,0.064
0,41,M,3,High School,Single,$80K - $120K,Blue,28,4,1,1,4352.3,0,4357.3,2.546,1522,19,0.814,0.0
0,47,M,2,Graduate,Married,$60K - $80K,Blue,42,5,2,0,2456.1,675,1841.7,1.166,1308,34,1.025,0.283
0,45,F,2,Graduate,Single,Less than $40K,Blue,36,4,3,3,1461.9,0,1478.1,0.691,1334,15,0.695,0.0
0,44,F,3,Uneducated,Single,Less than $40K,Blue,34,5,2,2,10483.2,0,10213.9,0.512,1047,21,1.576,0.0
0,55,F,3,Graduate,Married,Less than $40K,Blue,36,3,3,4,1438.3,0,1455.4,0.617,1064,22,0.352,0.0
0,48,M,3,College,Single,$80K - $120K,Blue,36,4,3,3,11601.4,0,11980.0,0.758,1543,14,0.414,0.0
0,53,M,2,Uneducated,Married,$60K - $80K,Blue,48,2,2,1,2407.4,1687,1438.3,1.347,1593,28,0.841,0.669
0,49,M,3,College,Married,$80K - $120K,Blue,36,5,1,3,11465.8,1926,9779.7,0.629,1439,32,0.893,0.165
0,46,M,3,Graduate,Married,$60K - $80K,Blue,36,4,1,2,9436.4,1402,8063.8,1.345,1307,29,1.321,0.148
0,41,M,2,Graduate,Single,$80K - $120K,Blue,36,4,2,3,4306.2,1666,2604.7,1.552,1541,22,0.571,0.382
0,63,M,1,High School,Married,$60K - $80K,Blue,56,3,3,2,3229.8,1916,1438.3,0.851,1015,32,0.567,0.596
0,47,M,3,Uneducated,Married,$60K - $80K,Blue,36,5,2,1,4794.0,1392,3301.4,2.296,1093,28,0.833,0.299
0,48,M,3,Graduate,Married,$60K - $80K,Blue,36,5,3,4,3035.8,0,2932.2,1.795,1452,17,0.971,0.0
0,38,F,4,High School,Single,Less than $40K,Blue,28,2,3,3,2500.6,1578,1438.3,0.77,1065,27,0.908,0.654
0,36,F,3,Graduate,Single,Less than $40K,Blue,24,4,1,3,2417.1,1221,1438.3,0.886,1068,28,0.935,0.52
0,50,M,3,Graduate,Married,$80K - $120K,Blue,36,3,1,1,12419.8,1672,9879.0,1.524,1543,22,0.939,0.141
0,44,M,2,Graduate,Married,$40K - $60K,Blue,36,3,1,2,4060.2,1245,2772.9,1.371,1093,27,0.863,0.313
0,63,M,1,High School,Married,$60K - $80K,Blue,56,3,3,2,3156.9,1919,1438.3,0.859,1010,27,0.585,0.592
0,63,M,1,High School,Married,$60K - $80K,Blue,56,3,3,2,3143.2,1920,1438.3,0.862,1010,29,0.566,0.588
0,37,M,3,College,Married,$40K - $60K,Blue,36,3,3,0,9191.8,1648,7222.8,1.498,1306,35,1.42,0.179
0,44,F,3,Graduate,Single,Less than $40K,Blue,36,4,2,2,3298.2,1923,1438.3,0.827,1174,31,2.297,0.574
0,44,M,3,Graduate,Married,$40K - $60K,Blue,36,3,3,0,4855.4,0,4877.1,1.556,1083,15,0.513,0.0
0,36,F,3,Graduate,Single,Less than $40K,Blue,24,4,1,3,2453.0,1214,1438.3,0.828,1065,26,0.895,0.526
0,41,F,3,High School,Single,Less than $40K,Blue,33,3,2,1,1438.3,973,1438.3,1.756,1058,31,0.359,0.666
0,42,M,3,Graduate,Married,$40K - $60K,Blue,36,3,1,2,3942.1,1244,2793.4,1.364,1083,25,0.861,0.308
0,49,M,3,Graduate,Married,$80K - $120K,Blue,36,5,1,3,11302.9,1677,9785.7,1.542,1443,34,0.914,0.144
0,36,F,3,Graduate,Single,Less than $40K,Blue,24,4,1,3,2408.3,1221,1438.3,0.825,1069,24,0.909,0.506
0,48,M,2,Graduate,Single,$80K - $120K,Blue,36,6,3,3,11855.6,1678,9712.8,1.538,1441,35,0.895,0.145
0,45,M,3,High School,Married,$60K - $80K,Blue,39,5,1,3,12745.3,781,11770.7,1.389,1143,43,1.699,0.063
0,59,M,1,High School,Single,$60K - $80K,Blue,46,4,1,4,7243.9,2258,5204.1,1.967,1264,28,0.846,0.289
0,36,F,3,Graduate,Single,Less than $40K,Blue,24,4,1,3,2438.4,1222,1438.3,0.855,1064,28,0.889,0.478
0,39,M,2,Graduate,Single,$80K - $120K,Blue,36,5,1,2,10006.5,2365,7634.7,1.685,1102,32,1.09,0.236
0,51,M,3,Graduate,Married,$80K - $120K,Blue,36,4,1,0,3357.6,0,3416.7,2.616,1883,23,2.366,0.0
0,40,F,2,Graduate,Single,Less than $40K,Blue,31,5,2,2,2499.7,1462,1438.3,0.831,1125,28,0.34,0.571
0,43,M,2,Graduate,Married,$60K - $80K,Blue,36,4,2,0,6755.9,1399,5367.9,1.337,1198,41,0.675,0.195
0,59,M,1,High School,Single,$60K - $80K,Blue,46,4,1,4,7259.2,2260,5312.1,2.042,1259,31,0.864,0.307
0,37,M,3,Uneducated,Single,$60K - $80K,Blue,36,5,3,0,22511.9,0,22408.0,1.162,880,18,0.73,0.0
0,36,F,3,Graduate,Single,Less than $40K,Blue,24,4,1,3,2457.3,1220,1438.3,0.849,1069,31,0.925,0.491
0,55,F,1,Graduate,Married,Unknown,Blue,36,2,3,4,15104.2,2042,12770.2,1.463,1180,12,1.13,0.135
0,48,M,2,Graduate,Single,$80K - $120K,Blue,36,6,3,3,11901.7,1673,10087.4,1.485,1439,30,0.905,0.141
1,54,F,3,Uneducated,Married,Unknown,Blue,42,5,1,2,1438.3,0,1439.7,0.976,710,20,0.883,0.0
0,37,M,3,College,Married,$40K - $60K,Blue,36,3,3,0,8933.2,1644,7463.1,1.472,1302,39,1.41,0.179
0,47,F,4,High School,Single,Less than $40K,Blue,36,3,3,2,2517.7,1561,1438.3,0.59,1121,26,0.348,0.632
0,46,F,2,High School,Married,Less than $40K,Blue,36,4,2,2,2461.0,1694,1438.3,1.33,1307,35,1.08,0.654
0,46,M,3,Graduate,Married,$60K - $80K,Blue,36,4,1,2,9548.4,1406,7821.3,1.346,1315,37,1.381,0.146
0,53,M,2,Uneducated,Married,$60K - $80K,Blue,48,2,2,1,2639.9,1690,1438.3,1.321,1597,26,0.865,0.674
0,40,F,4,High School,Unknown,Less than $40K,Blue,34,3,4,1,3350.8,2514,1438.3,1.37,1172,22,2.388,0.756
1,55,M,2,Graduate,Married,$60K - $80K,Blue,46,2,3,3,2242.8,0,2162.6,0.406,645,15,0.325,0.0
0,48,F,2,Graduate,Divorced,Less than $40K,Blue,40,5,3,3,1465.7,0,1438.3,0.685,1051,24,0.689,0.0
0,36,F,3,Graduate,Single,Less than $40K,Blue,24,4,1,3,2461.7,1220,1438.3,0.844,1065,26,0.945,0.483
0,39,F,1,College,Single,Less than $40K,Blue,28,5,2,2,3015.9,1472,1558.8,0.823,1200,25,0.69,0.483
0,48,F,2,Graduate,Divorced,Less than $40K,Blue,40,5,3,3,1460.1,0,1474.2,0.677,1055,22,0.691,0.0
0,57,M,2,Post-Graduate,Married,$40K - $60K,Blue,48,5,2,0,9304.9,1,9323.7,1.134,1119,19,0.515,0.0
0,42,F,3,Uneducated,Married,Less than $40K,Blue,32,5,3,2,2388.6,0,2413.4,0.646,968,28,0.349,0.0
0,49,F,5,Graduate,Single,Less than $40K,Blue,44,6,1,2,8175.9,866,7268.5,1.606,1292,28,3.659,0.106
0,51,M,3,Graduate,Married,$80K - $120K,Blue,36,4,1,0,3423.6,0,3564.6,2.581,1890,21,2.367,0.0
0,43,F,2,High School,Married,Less than $40K,Blue,36,4,2,3,2607.4,1561,1438.3,0.846,1442,36,0.863,0.596
0,42,M,1,Graduate,Married,$40K - $60K,Blue,36,4,2,2,3860.2,1465,2558.8,0.82,1092,35,0.859,0.372
0,46,M,3,Graduate,Married,$60K - $80K,Blue,36,4,1,2,9580.7,1403,8149.0,1.374,1306,38,1.394,0.149
0,49,F,5,Graduate,Single,Less than $40K,Blue,44,6,1,2,7989.7,865,7453.2,1.535,1292,36,3.766,0.107
0,49,F,5,Graduate,Single,Less than $40K,Blue,44,6,1,2,8178.1,868,7364.6,1.521,1286,30,3.735,0.102
0,42,M,3,Graduate,Married,$40K - $60K,Blue,36,3,1,2,4097.3,1244,2755.8,1.412,1089,24,0.829,0.314
0,57,F,2,Graduate,Single,Less than $40K,Blue,36,6,2,2,2439.1,684,1757.5,1.224,1316,34,1.044,0.289
0,48,F,2,Graduate,Married,Less than $40K,Blue,36,5,2,2,2438.3,1559,1438.3,0.842,1443,36,0.904,0.631
0,40,F,4,High School,Unknown,Less than $40K,Blue,34,3,4,1,3265.6,2517,1438.3,1.353,1176,23,2.369,0.764
0,48,M,2,Graduate,Single,$80K - $120K,Blue,36,6,3,3,11814.4,1674,10420.2,1.555,1444,28,0.881,0.144
0,45,M,3,High School,Married,$60K - $80K,Blue,39,5,1,3,12505.6,776,11781.2,1.317,1141,44,1.611,0.059
0,61,M,1,High School,Married,$40K - $60K,Blue,56,2,2,3,3206.8,1512,1632.0,1.464,1334,31,1.097,0.487
0,49,F,5,Graduate,Single,Less than $40K,Blue,44,6,1,2,8263.5,869,7378.9,1.48,1289,31,3.634,0.104
0,42,M,4,College,Married,$80K - $120K,Blue,31,3,3,2,8243.2,1935,6752.3,0.641,1200,19,0.952,0.233
0,37,M,3,College,Married,$40K - $60K,Blue,36,3,3,0,9494.4,1652,7337.1,1.423,1302,36,1.392,0.175
0,43,F,2,High School,Single,Less than $40K,Blue,36,4,2,2,1456.5,973,1438.3,1.791,1056,32,0.354,0.66
0,53,M,2,Uneducated,Married,$60K - $80K,Blue,48,2,2,1,2351.7,1685,1438.3,1.321,1600,25,0.874,0.71
0,40,F,2,Graduate,Single,Less than $40K,Blue,31,5,2,2,2501.3,1470,1438.3,0.815,1125,30,0.344,0.585
0,53,M,2,Uneducated,Married,$60K - $80K,Blue,48,2,2,1,2418.6,1693,1438.3,1.31,1597,31,0.86,0.71
0,53,M,3,High School,Married,$40K - $60K,Blue,42,3,1,2,4078.4,2044,2029.0,1.462,1013,29,0.764,0.509
1,45,M,3,Graduate,Married,$60K - $80K,Blue,36,4,3,3,1438.3,3,1438.3,0.572,696,19,0.5,0.0
0,41,F,3,High School,Single,Less than $40K,Blue,33,3,2,1,1438.3,976,1438.3,1.786,1055,22,0.373,0.688
0,43,F,2,High School,Married,Less than $40K,Blue,36,4,2,3,2517.2,1560,1438.3,0.886,1442,34,0.853,0.619
0,48,M,2,Post-Graduate,Single,$80K - $120K,Blue,36,6,2,3,30892.8,2361,27436.6,1.655,1676,25,0.949,0.079
0,42,M,4,Graduate,Married,$60K - $80K,Gold,36,2,3,3,33687.4,1202,32878.4,0.708,1344,44,0.78,0.035
0,47,F,4,High School,Single,Less than $40K,Blue,36,3,3,2,2475.3,1565,1438.3,0.574,1127,18,0.358,0.607
1,56,M,2,Graduate,Single,$60K - $80K,Blue,48,3,4,3,2172.2,0,2194.5,0.382,615,16,0.378,0.0
0,44,M,4,Unknown,Married,$80K - $120K,Blue,37,5,1,2,4178.7,974,3211.8,1.718,1353,23,1.675,0.24
0,40,F,2,Graduate,Single,Less than $40K,Blue,31,5,2,2,2580.0,1465,1438.3,0.828,1122,30,0.355,0.595
0,41,M,2,Graduate,Single,$80K - $120K,Blue,36,4,2,3,4311.6,1673,2526.8,1.576,1537,30,0.541,0.39
0,42,M,5,Uneducated,Unknown,$120K +,Blue,31,5,3,2,6577.8,1464,5315.9,0.829,1199,46,0.688,0.222
0,44,M,4,Unknown,Married,$80K - $120K,Blue,37,5,1,2,4311.7,972,3316.4,1.818,1353,32,1.71,0.231
0,48,M,2,Graduate,Single,$80K - $120K,Blue,36,6,3,3,12150.7,1679,9581.1,1.48,1437,27,0.893,0.145
1,52,F,2,Graduate,Married,Less than $40K,Blue,44,3,3,3,1468.0,3,1449.1,0.456,646,10,0.408,0.0
0,46,M,3,Graduate,Married,$60K - $80K,Blue,36,4,1,2,9163.8,1404,8244.6,1.32,1310,35,1.367,0.15
0,40,F,2,Graduate,Single,Less than $40K,Blue,31,5,2,2,2467.9,1466,1438.3,0.837,1121,34,0.354,0.601
0,52,M,3,Graduate,Married,$60K - $80K,Blue,40,3,1,0,8763.6,1652,7130.8,1.484,1310,34,1.333,0.19
1,57,F,3,High School,Single,Less than $40K,Blue,48,3,3,4,1438.3,0,1450.4,0.483,677,17,0.394,0.0
0,51,M,3,Graduate,Married,$80K - $120K,Blue,36,4,1,0,3448.3,0,3369.8,2.459,1888,25,2.388,0.0
0,45,F,2,Graduate,Married,Unknown,Blue,37,6,1,2,14694.2,1160,13298.2,0.97,1207,26,0.935,0.079
0,46,M,3,Graduate,Married,$60K - $80K,Blue,36,4,1,2,9275.8,1400,8136.9,1.366,1313,33,1.351,0.152
0,55,F,3,Graduate,Married,Less than $40K,Blue,36,3,3,4,1438.3,0,1440.5,0.625,1058,18,0.353,0.0
0,61,M,1,High School,Married,$40K - $60K,Blue,56,2,2,3,2986.0,1512,1696.1,1.477,1332,30,1.122,0.481
0,43,F,2,High School,Single,Less than $40K,Blue,36,4,2,2,1438.3,969,1438.3,1.727,1062,27,0.361,0.672
0,44,F,1,Graduate,Married,Less than $40K,Blue,36,4,3,2,3296.3,1577,1739.9,1.424,1176,26,2.364,0.476
0,61,M,1,High School,Married,$40K - $60K,Blue,56,2,2,3,3113.3,1516,1630.6,1.475,1338,32,1.187,0.479
0,45,F,2,Graduate,Married,Unknown,Blue,37,6,1,2,14942.4,1160,13283.4,0.932,1207,21,0.893,0.08
0,40,F,4,High School,Unknown,Less than $40K,Blue,34,3,4,1,3218.2,2513,1438.3,1.414,1175,19,2.315,0.73
0,49,M,3,College,Married,$80K - $120K,Blue,36,5,1,3,11553.4,1929,9581.9,0.624,1442,37,0.886,0.162
0,48,F,2,Graduate,Divorced,Less than $40K,Blue,40,5,3,3,1442.1,0,1473.9,0.672,1059,16,0.676,0.0
0,41,M,2,Graduate,Married,$80K - $120K,Blue,36,4,2,2,8883.9,0,8823.5,2.24,1266,27,0.608,0.0
1,66,F,0,Doctorate,Married,Unknown,Blue,56,5,4,3,7655.7,609,7365.7,1.042,601,16,0.491,0.076
0,42,F,3,Uneducated,Married,Less than $40K,Blue,32,5,3,2,2455.8,0,2347.6,0.638,966,22,0.359,0.0
0,47,M,2,Graduate,Single,$80K - $120K,Blue,36,5,1,2,11781.4,2253,9460.8,2.023,1544,32,0.423,0.188
0,45,M,3,High School,Married,$60K - $80K,Blue,39,5,1,3,12441.9,781,12203.1,1.306,1149,40,1.595,0.059
0,42,M,5,Uneducated,Unknown,$120K +,Blue,31,5,3,2,6810.4,1469,5296.0,0.813,1202,38,0.698,0.217
0,42,M,3,Graduate,Married,$40K - $60K,Blue,36,3,1,2,4026.0,1250,2891.2,1.395,1084,25,0.866,0.307
0,50,M,3,Graduate,Married,$80K - $120K,Blue,36,3,1,1,11637.6,1678,10181.5,1.489,1536,31,0.931,0.139
0,49,M,3,Graduate,Married,$80K - $120K,Blue,36,5,1,3,11672.3,1679,10017.3,1.544,1439,36,0.883,0.144
0,50,M,1,High School,Married,$40K - $60K,Blue,36,3,2,3,3979.1,1353,2638.6,0.932,1015,17,0.758,0.34
0,41,M,3,High School,Single,$80K - $120K,Blue,28,4,1,1,4279.7,0,4281.4,2.383,1524,17,0.819,0.0
1,54,F,1,College,Married,Less than $40K,Blue,40,2,3,1,1457.3,0,1438.3,0.983,700,18,0.901,0.0
0,51,M,4,Unknown,Married,$120K +,Gold,46,6,1,3,34516.0,2266,32708.8,2.022,1333,26,0.691,0.068
0,48,M,3,Graduate,Married,$60K - $80K,Blue,36,5,3,4,2959.9,0,3093.1,1.819,1456,11,1.018,0.0
1,62,F,0,Graduate,Married,Less than $40K,Blue,49,2,3,3,1499.7,0,1438.3,1.037,693,11,0.581,0.0
0,51,M,4,Unknown,Married,$120K +,Gold,46,6,1,3,33168.4,2267,31393.3,1.993,1333,31,0.744,0.066
0,44,M,4,Unknown,Married,$80K - $120K,Blue,37,5,1,2,4221.1,970,3142.2,1.793,1351,30,1.689,0.228
0,43,F,2,High School,Single,Less than $40K,Blue,36,4,2,2,1455.2,967,1438.3,1.756,1054,31,0.352,0.679
1,58,F,2,High School,Single,Less than $40K,Blue,48,3,3,4,1446.4,0,1438.3,0.481,675,19,0.395,0.0
0,49,F,5,Graduate,Single,Less than $40K,Blue,44,6,1,2,8153.2,861,7073.7,1.585,1288,28,3.693,0.106
0,45,M,3,High School,Married,$60K - $80K,Blue,39,5,1,3,12638.2,777,12006.6,1.381,1144,41,1.671,0.062
0,49,M,2,Graduate,Married,$40K - $60K,Blue,41,3,2,0,2921.9,2438,1438.3,1.054,1174,26,1.037,0.819
0,57,M,2,Post-Graduate,Married,$40K - $60K,Blue,48,5,2,0,9339.6,0,9449.9,1.146,1125,26,0.547,0.0
1,56,M,2,Graduate,Single,$60K - $80K,Blue,48,3,4,3,2230.3,0,2229.8,0.383,617,10,0.378,0.0
0,55,F,1,Graduate,Married,Unknown,Blue,36,2,3,4,14889.6,2045,12759.8,1.418,1179,19,1.098,0.141
0,53,M,2,Uneducated,Married,$60K - $80K,Blue,48,2,2,1,2417.0,1690,1438.3,1.335,1591,21,0.839,0.669
0,37,M,3,Uneducated,Single,$60K - $80K,Blue,36,5,3,0,22754.2,0,22762.9,1.131,879,21,0.751,0.0
1,62,F,0,Graduate,Married,Less than $40K,Blue,49,2,3,3,1447.1,0,1438.3,1.076,690,11,0.589,0.0
0,61,M,1,High School,Married,$40K - $60K,Blue,56,2,2,3,3244.9,1519,1687.0,1.46,1331,29,1.117,0.465
0,49,M,2,Graduate,Married,$40K - $60K,Blue,41,3,2,0,2988.2,2441,1438.3,1.003,1176,25,1.116,0.813
0,52,M,3,Graduate,Married,$60K - $80K,Blue,40,3,1,0,8405.3,1648,6807.8,1.489,1308,35,1.366,0.191
0,51,M,3,Graduate,Married,$80K - $120K,Blue,36,4,1,0,3379.7,0,3485.8,2.542,1883,23,2.289,0.0
0,45,F,2,Graduate,Married,Unknown,Blue,37,6,1,2,14686.3,1155,13266.4,0.959,1210,16,0.913,0.078
0,47,F,4,High School,Single,Less than $40K,Blue,36,3,3,2,2522.4,1564,1438.3,0.576,1131,26,0.346,0.635
0,57,F,2,Graduate,Single,Less than $40K,Blue,36,6,2,2,2435.0,683,1774.8,1.237,1307,28,1.085,0.272
0,41,M,2,Graduate,Married,$80K - $120K,Blue,36,4,2,2,8655.3,0,8479.8,2.363,1266,33,0.624,0.0
0,47,F,4,High School,Single,Less than $40K,Blue,36,3,3,2,2555.7,1557,1438.3,0.58,1124,27,0.357,0.618
0,41,F,3,High School,Single,Less than $40K,Blue,33,3,2,1,1438.3,968,1438.3,1.759,1058,24,0.356,0.686
0,43,M,2,Graduate,Married,$60K - $80K,Blue,36,4,2,0,6821.8,1403,5460.1,1.368,1205,31,0.704,0.207
0,55,F,3,Graduate,Married,Less than $40K,Blue,36,3,3,4,1438.3,0,1452.0,0.631,1058,20,0.353,0.0
0,42,M,4,Graduate,Married,$60K - $80K,Gold,36,2,3,3,34365.7,1207,33294.3,0.682,1343,46,0.764,0.035
0,44,F,3,Graduate,Single,Less than $40K,Blue,36,4,2,2,3385.8,1922,1438.3,0.896,1171,26,2.354,0.56
1,62,F,0,Graduate,Married,Less than $40K,Blue,49,2,3,3,1462.0,0,1478.3,1.052,695,12,0.625,0.0
0,49,M,3,Graduate,Married,$80K - $120K,Blue,36,5,1,3,11845.6,1682,10090.3,1.539,1437,35,0.864,0.145
1,62,F,0,Graduate,Married,Less than $40K,Blue,49,2,3,3,1475.9,0,1438.6,1.061,693,18,0.596,0.0
0,54,M,2,Unknown,Married,$80K - $120K,Blue,42,4,2,3,12222.1,0,11896.5,1.084,1110,16,0.756,0.0
1,57,F,3,High School,Single,Less than $40K,Blue,48,3,3,4,1457.9,0,1438.3,0.495,679,12,0.4,0.0
0,41,M,3,Uneducated,Married,$80K - $120K,Blue,36,4,4,1,4250.5,1672,2592.1,1.528,1534,20,0.551,0.399
0,47,M,2,Graduate,Single,$80K - $120K,Blue,36,5,1,2,11855.4,2261,9404.9,1.999,1537,23,0.426,0.193
0,47,M,3,Uneducated,Married,$60K - $80K,Blue,36,5,2,1,4703.7,1395,3307.6,2.156,1088,22,0.885,0.294
0,57,F,2,Graduate,Single,Less than $40K,Blue,36,6,2,2,2440.7,677,1758.0,1.2,1310,29,1.066,0.279
0,58,M,0,Graduate,Unknown,$80K - $120K,Blue,49,4,1,3,18211.2,1725,16440.3,0.937,1538,33,0.625,0.096
0,52,M,3,Graduate,Married,$60K - $80K,Blue,40,3,1,0,8407.1,1649,6890.3,1.471,1311,40,1.315,0.198
0,42,M,2,Graduate,Married,$80K - $120K,Blue,30,6,2,3,19158.5,2264,16281.9,2.041,1779,39,0.769,0.12
0,45,M,2,Graduate,Single,$80K - $120K,Blue,37,6,1,2,9730.2,1223,8722.2,0.852,1106,28,1.158,0.121
0,47,F,4,High School,Single,Less than $40K,Blue,36,3,3,2,2431.5,1565,1438.3,0.581,1129,21,0.356,0.639
0,41,M,2,Graduate,Married,$80K - $120K,Blue,36,4,2,2,8835.0,0,8472.8,2.176,1269,24,0.611,0.0
0,53,M,3,High School,Married,$40K - $60K,Blue,42,3,1,2,4073.5,2040,1959.3,1.431,1012,24,0.741,0.519
0,41,M,2,Graduate,Married,$80K - $120K,Blue,36,4,2,2,8742.8,0,8426.1,2.256,1266,28,0.598,0.0
0,54,M,1,Doctorate,Married,$60K - $80K,Blue,40,2,3,3,8654.4,1408,7228.7,1.377,1309,37,1.38,0.163
1,47,M,1,Doctorate,Divorced,$60K - $80K,Blue,42,5,2,0,2192.5,0,2260.1,0.42,687,11,0.611,0.0
0,49,M,2,Graduate,Married,$40K - $60K,Blue,41,3,2,0,2898.0,2441,1438.3,1.033,1180,28,1.057,0.807
0,45,F,2,Graduate,Married,Unknown,Blue,37,6,1,2,14491.9,1154,13256.2,0.937,1205,22,0.938,0.081
0,32,M,0,High School,Unknown,$60K - $80K,Silver,27,2,2,2,28687.1,1391,28510.4,2.188,1533,34,0.722,0.048
0,51,M,4,Unknown,Married,$120K +,Gold,46,6,1,3,34516.0,2263,32347.9,2.01,1329,31,0.742,0.067
0,44,F,1,Graduate,Married,Less than $40K,Blue,36,4,3,2,3303.3,1576,1722.3,1.421,1173,28,2.27,0.471
0,48,M,2,Post-Graduate,Single,$80K - $120K,Blue,36,6,2,3,29865.6,2357,27661.4,1.725,1669,27,0.904,0.075
0,41,M,2,Graduate,Married,$80K - $120K,Blue,36,4,2,2,8579.5,0,8582.8,2.227,1267,25,0.609,0.0
0,49,M,2,Graduate,Married,$40K - $60K,Blue,41,3,2,0,2975.4,2442,1438.3,1.034,1180,18,1.102,0.792
0,55,M,3,Graduate,Married,$60K - $80K,Blue,45,4,2,3,4186.3,1515,2728.3,1.422,1345,32,1.761,0.356
0,46,M,3,Graduate,Married,$60K - $80K,Blue,36,4,1,2,9295.6,1407,8072.8,1.373,1314,35,1.376,0.152
0,41,M,2,Graduate,Single,$80K - $120K,Blue,36,4,2,3,4297.8,1666,2608.2,1.56,1533,28,0.559,0.391
1,62,F,0,Graduate,Married,Less than $40K,Blue,49,2,3,3,1445.3,0,1450.9,1.057,687,16,0.588,0.0
0,44,M,3,Graduate,Married,$40K - $60K,Blue,36,3,3,0,4738.5,0,4901.0,1.494,1083,13,0.512,0.0
0,42,M,4,Graduate,Married,$60K - $80K,Gold,36,2,3,3,34190.8,1200,33943.6,0.656,1348,44,0.768,0.035
1,54,F,3,Uneducated,Married,Unknown,Blue,42,5,1,2,1445.0,0,1438.3,1.017,709,16,0.929,0.0
0,57,F,2,Graduate,Single,Less than $40K,Blue,36,6,2,2,2365.4,680,1666.3,1.179,1308,38,1.056,0.279
0,32,M,0,High School,Unknown,$60K - $80K,Silver,27,2,2,2,28262.4,1398,28202.3,2.166,1538,36,0.737,0.046
0,59,M,1,High School,Single,$60K - $80K,Blue,46,4,1,4,7322.3,2256,5029.6,2.05,1257,30,0.869,0.298
0,59,M,1,High School,Single,$60K - $80K,Blue,46,4,1,4,7397.3,2257,5147.8,2.006,1267,30,0.855,0.301
0,44,M,4,Unknown,Married,$80K - $120K,Blue,37,5,1,2,4260.3,975,3185.7,1.802,1343,32,1.682,0.221
1,47,M,1,Doctorate,Divorced,$60K - $80K,Blue,42,5,2,0,2257.7,0,2114.0,0.427,691,19,0.596,0.0
0,44,M,3,Graduate,Married,$40K - $60K,Blue,36,3,3,0,4869.1,0,4838.8,1.531,1091,23,0.504,0.0
0,48,M,2,Graduate,Single,$80K - $120K,Blue,36,6,3,3,11618.7,1678,10130.5,1.482,1446,29,0.883,0.139
0,63,M,1,High School,Married,$60K - $80K,Blue,56,3,3,2,3210.8,1919,1438.3,0.886,1013,29,0.572,0.603
1,49,F,2,Graduate,Single,Less than $40K,Blue,36,2,3,3,1438.3,0,1438.3,0.515,656,12,0.449,0.0
0,48,M,2,Graduate,Single,$80K - $120K,Blue,36,6,3,3,11651.7,1675,9870.0,1.513,1438,36,0.883,0.145
1,56,M,2,Graduate,Single,$60K - $80K,Blue,48,3,4,3,2180.3,0,2210.2,0.39,609,12,0.359,0.0
0,42,M,2,Graduate,Married,$80K - $120K,Blue,30,6,2,3,18507.7,2263,15648.1,1.905,1775,34,0.772,0.124
0,49,M,2,Graduate,Married,$40K - $60K,Blue,41,3,2,0,2902.2,2436,1438.3,1.042,1175,28,1.07,0.837
0,61,M,1,High School,Married,$40K - $60K,Blue,56,2,2,3,3226.2,1517,1677.5,1.411,1341,28,1.117,0.477
0,40,F,4,High School,Unknown,Less than $40K,Blue,34,3,4,1,3414.6,2517,1438.3,1.367,1166,21,2.254,0.747
0,58,M,0,Graduate,Unknown,$80K - $120K,Blue,49,4,1,3,17957.9,1725,16306.9,0.895,1541,39,0.613,0.097
1,49,F,2,Graduate,Single,Less than $40K,Blue,36,2,3,3,1449.9,5,1438.3,0.523,649,18,0.438,0.0
0,40,M,1,High School,Married,$60K - $80K,Blue,36,5,2,1,13868.8,0,14007.4,0.577,1033,20,0.563,0.0
0,48,M,2,Post-Graduate,Single,$80K - $120K,Blue,36,6,2,3,30123.3,2357,27916.2,1.76,1674,25,0.965,0.081
0,37,M,3,College,Married,$40K - $60K,Blue,36,3,3,0,9144.8,1642,7452.9,1.442,1302,34,1.414,0.179
0,42,M,3,Graduate,Married,$40K - $60K,Blue,36,3,1,2,4011.0,1245,2711.4,1.329,1086,24,0.849,0.311
0,44,M,3,Graduate,Married,$40K - $60K,Blue,36,3,3,0,4796.4,0,4744.6,1.476,1092,19,0.504,0.0
1,57,F,3,High School,Single,Less than $40K,Blue,48,3,3,4,1438.3,0,1438.3,0.499,683,10,0.401,0.0
1,51,F,1,Graduate,Single,Less than $40K,Blue,43,6,2,3,1758.9,0,1751.9,1.051,699,21,0.599,0.0
0,44,M,2,Graduate,Married,$40K - $60K,Blue,36,3,1,2,4049.9,1252,2857.6,1.361,1084,21,0.826,0.308
1,62,F,0,Graduate,Married,Less than $40K,Blue,49,2,3,3,1480.0,0,1438.3,1.05,696,19,0.617,0.0
0,55,F,1,Graduate,Married,Unknown,Blue,36,2,3,4,15067.6,2040,12327.9,1.456,1188,17,1.166,0.138
0,47,F,4,High School,Single,Less than $40K,Blue,36,3,3,2,2599.3,1564,1438.3,0.586,1131,23,0.341,0.638
1,57,F,3,High School,Single,Less than $40K,Blue,48,3,3,4,1438.3,0,1438.3,0.501,680,13,0.392,0.0
1,51,F,1,Graduate,Single,Less than $40K,Blue,43,6,2,3,1788.7,0,1734.5,1.046,694,21,0.597,0.0
0,42,M,4,College,Married,$80K - $120K,Blue,31,3,3,2,8382.6,1934,6554.5,0.613,1199,20,0.899,0.24
0,37,M,3,Uneducated,Single,$60K - $80K,Blue,36,5,3,0,23330.9,0,22081.3,1.113,885,24,0.734,0.0
1,62,F,0,Graduate,Married,Less than $40K,Blue,49,2,3,3,1438.3,4,1490.8,1.052,693,15,0.591,0.0
1,58,F,2,High School,Single,Less than $40K,Blue,48,3,3,4,1438.3,0,1457.8,0.478,681,10,0.417,0.0
0,48,M,2,Graduate,Single,$80K - $120K,Blue,36,6,3,3,11516.3,1681,9881.6,1.495,1446,29,0.903,0.145
0,48,M,3,High School,Married,$60K - $80K,Blue,36,5,1,2,12151.9,1733,11435.0,0.929,1148,36,1.632,0.134
0,45,M,3,College,Married,$60K - $80K,Blue,36,5,1,1,12557.6,1358,11198.7,0.922,1147,37,1.658,0.107
0,53,M,2,Uneducated,Married,$60K - $80K,Blue,48,2,2,1,2413.8,1691,1438.3,1.322,1595,30,0.876,0.682
0,48,F,2,Graduate,Married,Less than $40K,Blue,36,5,2,2,2499.5,1565,1438.3,0.839,1441,35,0.872,0.621
0,41,M,2,Graduate,Married,$80K - $120K,Blue,36,4,2,2,8694.0,0,8859.8,2.215,1260,27,0.601,0.0
0,44,F,1,Graduate,Married,Less than $40K,Blue,36,4,3,2,3437.3,1582,1788.2,1.379,1171,23,2.337,0.463
0,41,M,3,Uneducated,Married,$80K - $120K,Blue,36,4,4,1,4358.3,1665,2609.7,1.575,1532,29,0.572,0.391
0,54,M,2,Unknown,Married,$80K - $120K,Blue,42,4,2,3,12076.0,0,12032.9,1.097,1110,16,0.752,0.0
0,37,M,3,Uneducated,Single,$60K - $80K,Blue,36,5,3,0,21950.4,0,22557.6,1.081,883,23,0.704,0.0
0,57,F,2,Graduate,Single,Less than $40K,Blue,36,6,2,2,2460.0,678,1732.2,1.168,1314,33,1.045,0.284
0,39,F,1,College,Single,Less than $40K,Blue,28,5,2,2,2954.9,1464,1631.1,0.806,1204,31,0.679,0.486
0,44,F,1,Graduate,Married,Less than $40K,Blue,36,4,3,2,3434.4,1574,1738.7,1.387,1175,30,2.329,0.472
1,51,F,1,Graduate,Single,Less than $40K,Blue,43,6,2,3,1799.5,0,1745.2,1.052,698,18,0.624,0.0
0,47,F,4,High School,Single,Less than $40K,Blue,36,3,3,2,2468.6,1560,1438.3,0.556,1123,18,0.343,0.609
0,53,M,2,Uneducated,Married,$60K - $80K,Blue,48,2,2,1,2367.0,1694,1438.3,1.297,1598,24,0.866,0.678
0,45,F,4,Graduate,Single,Less than $40K,Blue,36,6,1,3,1477.2,0,1438.3,1.021,1202,36,0.651,0.0
0,41,M,2,Graduate,Single,$80K - $120K,Blue,36,4,2,3,4267.2,1669,2670.6,1.553,1536,24,0.588,0.398
0,41,M,3,High School,Single,$80K - $120K,Blue,28,4,1,1,4375.7,0,4213.9,2.471,1524,18,0.826,0.0
0,47,M,3,Uneducated,Married,$60K - $80K,Blue,36,5,2,1,4565.6,1394,3250.5,2.172,1085,19,0.854,0.299
0,59,M,1,High School,Single,$60K - $80K,Blue,46,4,1,4,7339.9,2258,5226.5,2.029,1266,28,0.867,0.311
0,49,F,5,Graduate,Single,Less than $40K,Blue,44,6,1,2,8256.9,868,7567.3,1.524,1286,33,3.729,0.103
0,43,F,2,High School,Single,Less than $40K,Blue,36,4,2,2,1439.7,977,1438.3,1.755,1057,26,0.352,0.681
0,48,M,2,Post-Graduate,Single,$80K - $120K,Blue,36,6,2,3,30093.7,2364,28562.9,1.765,1675,30,0.937,0.078
0,41,M,2,Graduate,Married,$80K - $120K,Blue,36,4,2,2,8742.6,0,8504.3,2.285,1265,34,0.58,0.0
0,37,M,3,Uneducated,Single,$60K - $80K,Blue,36,5,3,0,21874.7,0,21716.4,1.093,885,24,0.737,0.0
0,45,F,2,Graduate,Single,Less than $40K,Blue,36,4,3,3,1438.3,0,1481.5,0.714,1343,13,0.702,0.0
0,49,M,2,Graduate,Married,$40K - $60K,Blue,41,3,2,0,2958.1,2432,1438.3,1.051,1174,27,1.086,0.835
0,42,F,3,Uneducated,Married,Less than $40K,Blue,32,5,3,2,2424.7,0,2388.0,0.632,967,25,0.367,0.0
1,57,F,3,High School,Single,Less than $40K,Blue,48,3,3,4,1458.8,0,1476.5,0.495,681,19,0.395,0.0
0,48,M,3,Graduate,Married,$60K - $80K,Blue,36,5,3,4,2966.7,0,3068.8,1.912,1462,20,0.992,0.0
1,51,F,3,High School,Single,Less than $40K,Blue,36,6,3,3,2433.0,0,2532.9,1.018,927,21,0.52,0.0
1,62,F,0,Graduate,Married,Less than $40K,Blue,49,2,3,3,1475.1,0,1500.6,1.028,690,11,0.59,0.0
0,50,M,1,High School,Married,$40K - $60K,Blue,36,3,2,3,4036.7,1357,2620.8,0.942,1006,22,0.742,0.339
0,54,M,2,Unknown,Married,$80K - $120K,Blue,42,4,2,3,12034.1,0,12443.7,1.081,1106,23,0.748,0.0
0,47,F,4,High School,Single,Less than $40K,Blue,36,3,3,2,2569.3,1558,1438.3,0.579,1129,20,0.359,0.629
0,48,M,3,College,Single,$80K - $120K,Blue,36,4,3,3,11806.3,1,11842.3,0.756,1543,15,0.419,0.0
1,58,F,2,High School,Single,Less than $40K,Blue,48,3,3,4,1472.2,0,1482.3,0.491,682,11,0.39,0.0
0,51,M,4,Unknown,Married,$120K +,Gold,46,6,1,3,34516.0,2261,32579.6,1.923,1332,32,0.714,0.063
0,50,M,3,Graduate,Married,$80K - $120K,Blue,36,3,1,1,12264.5,1680,10210.8,1.556,1542,30,0.918,0.146
0,55,F,3,Graduate,Married,Less than $40K,Blue,36,3,3,4,1488.8,0,1469.2,0.635,1060,20,0.352,0.0
0,38,F,4,High School,Single,Less than $40K,Blue,28,2,3,3,2417.9,1577,1438.3,0.763,1070,23,0.925,0.666
0,45,F,2,Graduate,Married,Unknown,Blue,37,6,1,2,14751.2,1153,13089.6,0.965,1211,23,0.917,0.082
0,51,M,2,College,Married,$80K - $120K,Blue,40,4,2,3,8746.5,1673,6820.4,1.5,1261,29,0.589,0.19
0,32,M,0,High School,Unknown,$60K - $80K,Silver,27,2,2,2,29877.0,1395,26596.2,2.227,1538,32,0.729,0.047
0,44,M,4,Unknown,Married,$80K - $120K,Blue,37,5,1,2,4152.3,968,3396.1,1.785,1345,28,1.709,0.232
0,54,M,1,Doctorate,Married,$60K - $80K,Blue,40,2,3,3,8664.3,1408,6985.4,1.352,1316,29,1.395,0.161
0,55,M,3,Graduate,Married,$60K - $80K,Blue,45,4,2,3,4323.6,1515,2707.0,1.473,1348,26,1.715,0.359
0,48,F,2,Graduate,Married,Less than $40K,Blue,36,5,2,2,2404.3,1565,1438.3,0.846,1438,28,0.901,0.62
0,47,M,2,Graduate,Married,$60K - $80K,Blue,42,5,2,0,2378.4,684,1766.8,1.203,1314,38,1.072,0.269
0,42,M,3,Graduate,Married,$40K - $60K,Blue,36,3,1,2,3846.5,1242,2808.1,1.348,1093,19,0.869,0.297
0,44,M,4,Unknown,Married,$80K - $120K,Blue,37,5,1,2,4211.2,972,3318.1,1.764,1346,32,1.718,0.231
0,47,M,3,Uneducated,Married,$60K - $80K,Blue,36,5,2,1,4783.7,1394,3281.3,2.196,1092,19,0.844,0.293
0,53,M,2,Uneducated,Married,$60K - $80K,Blue,48,2,2,1,2524.6,1687,1438.3,1.327,1596,27,0.896,0.682
0,48,F,2,Graduate,Married,Less than $40K,Blue,36,5,2,2,2495.7,1556,1438.3,0.846,1444,31,0.898,0.635
0,48,M,3,High School,Married,$60K - $80K,Blue,36,5,1,2,13104.4,1730,10907.5,0.921,1140,43,1.644,0.139
0,41,M,2,Graduate,Single,$80K - $120K,Blue,36,4,2,3,4158.9,1672,2691.8,1.573,1532,22,0.548,0.388
1,54,F,3,Uneducated,Married,Unknown,Blue,42,5,1,2,1438.3,0,1452.4,0.986,706,14,0.877,0.0
0,54,M,2,Unknown,Married,$80K - $120K,Blue,42,4,2,3,12203.4,0,12396.6,1.04,1106,26,0.754,0.0
0,39,F,1,College,Single,Less than $40K,Blue,28,5,2,2,3058.3,1470,1588.8,0.86,1197,34,0.682,0.47
0,48,M,3,High School,Married,$60K - $80K,Blue,36,5,1,2,12682.7,1725,11219.3,0.949,1142,38,1.605,0.137
0,36,F,3,Graduate,Single,Less than $40K,Blue,24,4,1,3,2329.5,1220,1438.3,0.83,1070,33,0.92,0.508
1,62,F,0,Graduate,Married,Less than $40K,Blue,49,2,3,3,1438.3,0,1438.3,1.061,694,11,0.619,0.0
0,39,F,1,College,Single,Less than $40K,Blue,28,5,2,2,2955.8,1466,1580.5,0.823,1197,33,0.689,0.464
0,39,F,1,College,Single,Less than $40K,Blue,28,5,2,2,3075.6,1472,1547.6,0.835,1203,26,0.664,0.476
0,41,M,2,Graduate,Single,$80K - $120K,Blue,36,4,2,3,4308.4,1670,2580.4,1.556,1534,20,0.561,0.383
0,40,M,1,High School,Married,$60K - $80K,Blue,36,5,2,1,13422.8,0,13840.4,0.581,1030,23,0.562,0.0
0,48,F,2,Graduate,Divorced,Less than $40K,Blue,40,5,3,3,1438.3,0,1473.9,0.662,1061,20,0.662,0.0
0,48,M,3,Graduate,Married,$60K - $80K,Blue,36,5,3,4,2970.7,3,3036.3,1.829,1461,16,0.992,0.0
0,40,F,2,Graduate,Single,Less than $40K,Blue,31,5,2,2,2488.9,1472,1438.3,0.816,1127,29,0.35,0.583
0,47,M,2,Graduate,Married,$60K - $80K,Blue,42,5,2,0,2482.5,684,1815.8,1.17,1312,38,1.035,0.276
0,57,F,2,Graduate,Single,Less than $40K,Blue,36,6,2,2,2388.0,683,1764.5,1.188,1316,31,1.059,0.285
1,58,F,2,High School,Single,Less than $40K,Blue,48,3,3,4,1452.8,0,1513.1,0.48,679,19,0.396,0.0
0,48,M,2,Graduate,Single,$80K - $120K,Blue,36,6,3,3,11532.4,1674,10091.9,1.545,1446,30,0.83,0.148
0,32,M,0,High School,Unknown,$60K - $80K,Silver,27,2,2,2,28619.8,1392,26710.1,2.27,1533,33,0.743,0.048
0,42,M,4,College,Married,$80K - $120K,Blue,31,3,3,2,8334.1,1934,6517.7,0.623,1193,27,0.937,0.226
1,58,F,2,High School,Single,Less than $40K,Blue,48,3,3,4,1438.3,0,1449.3,0.489,682,16,0.397,0.0
0,40,M,3,Uneducated,Married,$60K - $80K,Blue,21,5,1,0,4663.8,0,4837.6,2.197,811,29,2.501,0.0
0,53,M,3,High School,Married,$40K - $60K,Blue,42,3,1,2,3913.9,2044,1991.5,1.456,1008,31,0.732,0.517
0,44,M,2,Graduate,Married,$40K - $60K,Blue,36,3,1,2,4167.6,1246,2755.3,1.378,1084,19,0.875,0.318
0,40,F,4,High School,Unknown,Less than $40K,Blue,34,3,4,1,3315.3,2515,1438.3,1.426,1170,21,2.422,0.788
0,51,M,4,Unknown,Married,$120K +,Gold,46,6,1,3,34033.0,2264,32117.2,1.994,1328,35,0.724,0.067
0,45,F,4,Graduate,Single,Less than $40K,Blue,36,6,1,3,1444.5,0,1438.3,1.016,1203,29,0.645,0.0
1,62,F,0,Graduate,Married,Less than $40K,Blue,49,2,3,3,1438.3,0,1438.3,1.065,691,17,0.602,0.0
1,45,M,3,Graduate,Married,$60K - $80K,Blue,36,4,3,3,1438.3,0,1455.2,0.581,703,10,0.487,0.0
1,66,F,0,Doctorate,Married,Unknown,Blue,56,5,4,3,7978.8,608,7520.0,1.036,602,11,0.496,0.078
0,48,F,2,Graduate,Divorced,Less than $40K,Blue,40,5,3,3,1460.1,0,1449.7,0.674,1056,17,0.669,0.0
0,44,M,4,Unknown,Married,$80K - $120K,Blue,37,5,1,2,4189.1,977,3184.0,1.789,1346,26,1.685,0.23
0,48,M,3,College,Single,$80K - $120K,Blue,36,4,3,3,11643.3,0,11883.7,0.748,1535,15,0.415,0.0
0,44,M,3,Graduate,Married,$40K - $60K,Blue,36,3,3,0,4760.7,0,4901.6,1.542,1082,14,0.499,0.0
0,61,M,1,High School,Married,$40K - $60K,Blue,56,2,2,3,3046.0,1519,1657.5,1.509,1331,35,1.141,0.486
0,48,M,2,Post-Graduate,Single,$80K - $120K,Blue,36,6,2,3,29446.8,2359,27929.9,1.681,1673,25,0.93,0.08
0,48,M,3,High School,Married,$60K - $80K,Blue,36,5,1,2,13037.9,1733,10965.2,0.898,1142,35,1.591,0.137
0,61,M,1,High School,Married,$40K - $60K,Blue,56,2,2,3,3298.0,1515,1651.7,1.45,1335,25,1.127,0.482
0,42,M,3,Graduate,Married,$40K - $60K,Blue,36,3,1,2,3990.0,1242,2798.8,1.396,1093,28,0.824,0.314
0,39,F,1,College,Single,Less than $40K,Blue,28,5,2,2,3070.0,1466,1564.2,0.827,1203,32,0.693,0.479
1,45,M,3,Graduate,Married,$60K - $80K,Blue,36,4,3,3,1447.3,4,1450.4,0.588,702,14,0.479,0.0
0,43,F,2,High School,Single,Less than $40K,Blue,36,4,2,2,1526.9,972,1438.3,1.718,1061,25,0.361,0.657
0,43,F,2,High School,Single,Less than $40K,Blue,36,4,2,2,1470.5,977,1438.3,1.789,1061,31,0.363,0.69
0,36,F,3,Graduate,Single,Less than $40K,Blue,24,4,1,3,2423.8,1221,1438.3,0.842,1067,27,0.911,0.49
0,41,M,3,High School,Single,$80K - $120K,Blue,28,4,1,1,4188.4,5,4238.2,2.553,1528,20,0.79,0.0
0,37,M,3,Uneducated,Single,$60K - $80K,Blue,36,5,3,0,21633.9,0,23124.0,1.167,876,16,0.722,0.0
0,57,M,2,Post-Graduate,Married,$40K - $60K,Blue,48,5,2,0,9489.5,5,9375.5,1.126,1121,22,0.532,0.0
0,45,M,3,High School,Married,$60K - $80K,Blue,39,5,1,3,12499.0,774,11967.5,1.32,1139,40,1.592,0.061
0,39,F,1,College,Single,Less than $40K,Blue,28,5,2,2,2948.7,1463,1597.2,0.845,1196,25,0.673,0.468
0,45,M,3,High School,Married,$60K - $80K,Blue,39,5,1,3,12526.9,775,11576.0,1.325,1149,39,1.675,0.062
0,40,M,3,College,Married,$60K - $80K,Blue,36,4,1,1,17991.2,0,17741.4,1.192,1777,34,0.775,0.0
0,40,F,4,High School,Unknown,Less than $40K,Blue,34,3,4,1,3424.8,2517,1438.3,1.406,1168,24,2.29,0.773
0,49,M,2,Graduate,Married,$40K - $60K,Blue,41,3,2,0,3003.0,2439,1438.3,0.994,1183,25,1.056,0.826
0,49,M,3,Graduate,Married,$80K - $120K,Blue,36,5,1,3,11654.1,1674,9868.9,1.524,1440,33,0.876,0.145
0,45,M,3,High School,Married,$60K - $80K,Blue,39,5,1,3,13066.6,775,12523.6,1.317,1139,38,1.618,0.06
0,44,M,4,Unknown,Married,$80K - $120K,Blue,37,5,1,2,4240.6,969,3225.2,1.748,1352,22,1.717,0.227
0,42,M,2,Graduate,Married,$80K - $120K,Blue,30,6,2,3,18072.2,2268,16184.5,2.032,1780,33,0.757,0.122
1,49,F,2,Graduate,Single,Less than $40K,Blue,36,2,3,3,1482.1,0,1482.7,0.499,655,12,0.455,0.0
0,48,M,3,High School,Married,$60K - $80K,Blue,36,5,1,2,12827.8,1727,11401.8,0.938,1148,42,1.688,0.141
1,56,M,2,Graduate,Single,$60K - $80K,Blue,48,3,4,3,2147.5,0,2283.4,0.387,617,16,0.381,0.0
1,62,F,0,Graduate,Married,Less than $40K,Blue,49,2,3,3,1438.3,0,1473.1,1.041,689,11,0.599,0.0
1,57,F,3,High School,Single,Less than $40K,Blue,48,3,3,4,1438.3,0,1467.8,0.495,678,11,0.399,0.0
0,44,F,1,Graduate,Married,Less than $40K,Blue,36,4,3,2,3221.4,1578,1754.5,1.415,1175,23,2.316,0.466
0,55,M,3,Graduate,Married,$60K - $80K,Blue,45,4,2,3,4312.4,1512,2761.3,1.457,1353,29,1.74,0.351
1,51,F,3,High School,Single,Less than $40K,Blue,36,6,3,3,2605.9,0,2482.3,1.061,933,15,0.494,0.0
0,44,M,4,Unknown,Married,$80K - $120K,Blue,37,5,1,2,4115.6,975,3208.6,1.753,1352,30,1.702,0.223
1,54,F,3,Uneducated,Married,Unknown,Blue,42,5,1,2,1454.5,0,1438.3,0.983,709,14,0.901,0.0
0,41,M,2,Graduate,Single,$80K - $120K,Blue,36,4,2,3,4221.3,1672,2599.1,1.513,1540,23,0.556,0.388
0,50,M,3,Graduate,Married,$80K - $120K,Blue,36,3,1,1,11664.2,1672,10010.4,1.499,1536,31,0.903,0.143
0,44,F,3,Uneducated,Single,Less than $40K,Blue,34,5,2,2,9980.3,0,10240.7,0.556,1047,22,1.581,0.0
1,48,F,3,Graduate,Married,Less than $40K,Blue,36,2,3,4,1438.3,0,1465.8,0.49,632,11,0.385,0.0
0,42,M,3,Graduate,Married,$40K - $60K,Blue,36,3,1,2,4013.9,1248,2767.9,1.339,1092,19,0.854,0.315
1,56,M,2,Graduate,Single,$60K - $80K,Blue,48,3,4,3,2156.6,0,2257.8,0.379,616,10,0.371,0.0
0,45,F,4,Graduate,Single,Less than $40K,Blue,36,6,1,3,1446.1,0,1438.3,1.052,1198,36,0.647,0.0
0,51,M,4,Unknown,Married,$120K +,Gold,46,6,1,3,34481.3,2269,32127.1,1.997,1325,26,0.709,0.067
0,36,F,3,Graduate,Single,Less than $40K,Blue,24,4,1,3,2418.4,1214,1438.3,0.861,1069,28,0.948,0.496
1,56,M,2,Graduate,Single,$60K - $80K,Blue,48,3,4,3,2153.2,0,2111.1,0.387,613,10,0.362,0.0
0,55,M,3,Graduate,Married,$60K - $80K,Blue,45,4,2,3,4185.2,1511,2714.5,1.437,1349,31,1.715,0.357
0,44,M,4,Unknown,Married,$80K - $120K,Blue,37,5,1,2,4298.0,976,3254.1,1.777,1346,26,1.716,0.226
0,43,F,2,High School,Single,Less than $40K,Blue,36,4,2,2,1452.7,974,1438.3,1.768,1064,30,0.347,0.67
0,43,F,2,High School,Single,Less than $40K,Blue,36,4,2,2,1438.3,969,1438.3,1.687,1062,28,0.356,0.681
0,49,M,2,Graduate,Married,$40K - $60K,Blue,41,3,2,0,2956.9,2438,1438.3,1.029,1178,21,1.119,0.832
0,45,M,3,College,Married,$60K - $80K,Blue,36,5,1,1,12881.7,1356,11756.4,0.907,1140,37,1.553,0.105
0,42,F,3,Uneducated,Married,Less than $40K,Blue,32,5,3,2,2319.9,0,2458.6,0.649,961,22,0.357,0.0
0,47,F,4,High School,Single,Less than $40K,Blue,36,3,3,2,2519.1,1560,1438.3,0.607,1121,28,0.335,0.639
0,41,M,2,Graduate,Married,$80K - $120K,Blue,36,4,2,2,8520.6,0,8595.9,2.241,1268,28,0.599,0.0
0,51,M,4,Unknown,Married,$120K +,Gold,46,6,1,3,34516.0,2266,31633.1,1.963,1328,35,0.746,0.069
0,41,M,3,High School,Single,$80K - $120K,Blue,28,4,1,1,4204.8,0,4238.2,2.514,1523,25,0.823,0.0
0,48,M,2,Graduate,Single,$80K - $120K,Blue,36,6,3,3,11235.2,1674,10196.3,1.539,1438,36,0.861,0.147
1,56,M,2,Graduate,Single,$60K - $80K,Blue,48,3,4,3,2121.6,0,2275.7,0.392,610,10,0.374,0.0
0,47,F,4,High School,Single,Less than $40K,Blue,36,3,3,2,2494.4,1559,1438.3,0.58,1128,23,0.368,0.636
0,40,M,3,College,Married,$60K - $80K,Blue,36,4,1,1,18484.5,0,18209.2,1.242,1778,32,0.737,0.0
0,48,F,2,Graduate,Divorced,Less than $40K,Blue,40,5,3,3,1438.3,0,1438.3,0.658,1059,25,0.653,0.0
0,37,M,3,Uneducated,Single,$60K - $80K,Blue,36,5,3,0,22637.5,0,22415.0,1.133,883,22,0.749,0.0
0,48,M,2,Graduate,Single,$80K - $120K,Blue,36,6,3,3,11268.7,1680,9626.1,1.496,1441,33,0.915,0.147
0,61,M,1,High School,Married,$40K - $60K,Blue,56,2,2,3,3188.8,1520,1688.8,1.457,1332,27,1.141,0.479
0,39,F,1,College,Single,Less than $40K,Blue,28,5,2,2,2961.5,1464,1563.4,0.816,1205,25,0.663,0.475
0,40,F,4,High School,Unknown,Less than $40K,Blue,34,3,4,1,3269.8,2516,1438.3,1.393,1176,18,2.431,0.771
0,45,M,3,High School,Married,$60K - $80K,Blue,39,5,1,3,12703.0,781,11534.0,1.327,1145,42,1.677,0.06
1,56,M,2,Graduate,Single,$60K - $80K,Blue,48,3,4,3,2155.3,0,2215.5,0.397,615,10,0.38,0.0
0,40,F,4,High School,Unknown,Less than $40K,Blue,34,3,4,1,3287.5,2512,1438.3,1.431,1171,15,2.295,0.755
0,44,M,4,Unknown,Married,$80K - $120K,Blue,37,5,1,2,4319.2,974,3185.7,1.721,1345,27,1.698,0.229
0,47,F,4,High School,Single,Less than $40K,Blue,36,3,3,2,2463.2,1561,1438.3,0.574,1127,18,0.352,0.636
0,52,M,3,Graduate,Married,$60K - $80K,Blue,40,3,1,0,8689.9,1642,6896.2,1.437,1310,38,1.366,0.189
0,49,F,5,Graduate,Single,Less than $40K,Blue,44,6,1,2,8069.5,868,7654.0,1.502,1286,38,3.822,0.109
0,42,M,3,Graduate,Married,$40K - $60K,Blue,36,3,1,2,4052.5,1251,2854.8,1.37,1085,19,0.861,0.3
0,53,M,2,Uneducated,Married,$60K - $80K,Blue,48,2,2,1,2521.7,1690,1438.3,1.313,1595,26,0.839,0.682
0,46,M,2,Graduate,Married,$60K - $80K,Blue,36,4,1,2,8983.8,1399,7950.1,1.42,1312,28,1.394,0.15
0,44,F,3,Graduate,Single,Less than $40K,Blue,36,4,2,2,3260.2,1917,1438.3,0.872,1168,31,2.348,0.587
0,47,F,4,High School,Single,Less than $40K,Blue,36,3,3,2,2520.8,1559,1438.3,0.557,1126,20,0.358,0.625
0,57,M,2,Post-Graduate,Married,$40K - $60K,Blue,48,5,2,0,9412.6,0,9508.0,1.131,1120,23,0.549,0.0
0,50,M,1,High School,Married,$40K - $60K,Blue,36,3,2,3,4039.8,1359,2695.7,0.942,1006,22,0.733,0.341
0,58,M,0,Graduate,Unknown,$80K - $120K,Blue,49,4,1,3,17779.6,1724,16667.2,0.962,1543,31,0.636,0.096
0,41,M,2,Graduate,Married,$80K - $120K,Blue,36,4,2,2,8650.0,0,8617.7,2.154,1265,24,0.605,0.0
0,41,M,2,Graduate,Married,$80K - $120K,Blue,36,4,2,2,8608.1,0,8599.8,2.141,1267,28,0.592,0.0
0,42,M,2,Graduate,Married,$80K - $120K,Blue,30,6,2,3,18818.5,2266,15841.9,2.049,1775,36,0.77,0.125
1,54,F,3,Uneducated,Married,Unknown,Blue,42,5,1,2,1445.6,0,1438.3,1.003,701,22,0.945,0.0
0,45,F,2,Graduate,Single,Less than $40K,Blue,36,4,3,3,1448.0,0,1438.3,0.69,1337,12,0.674,0.0
0,57,M,2,Post-Graduate,Married,$40K - $60K,Blue,48,5,2,0,9373.1,0,9520.4,1.156,1117,21,0.533,0.0
0,44,F,1,Graduate,Married,Less than $40K,Blue,36,4,3,2,3280.7,1584,1765.7,1.331,1176,30,2.363,0.467
0,51,M,2,College,Married,$80K - $120K,Blue,40,4,2,3,8560.3,1666,6854.1,1.547,1268,31,0.613,0.194
0,41,M,2,Graduate,Married,$80K - $120K,Blue,36,4,2,2,8703.1,0,8892.8,2.24,1269,33,0.61,0.0
1,66,F,0,Doctorate,Married,Unknown,Blue,56,5,4,3,7815.6,601,7237.5,1.071,606,15,0.487,0.078
0,50,M,4,Graduate,Married,$80K - $120K,Blue,36,4,2,2,30543.0,1676,28677.7,1.493,1673,29,0.933,0.054
0,45,F,2,Graduate,Single,Less than $40K,Blue,36,4,3,3,1498.0,0,1438.3,0.703,1337,22,0.689,0.0
0,37,M,3,College,Married,$40K - $60K,Blue,36,3,3,0,9262.6,1646,7095.4,1.431,1300,30,1.366,0.178
0,44,F,3,Uneducated,Single,Less than $40K,Blue,34,5,2,2,10034.1,0,10278.6,0.528,1050,16,1.609,0.0
0,48,M,3,College,Single,$80K - $120K,Blue,36,4,3,3,12062.0,0,11952.6,0.738,1542,13,0.425,0.0
0,57,M,2,Post-Graduate,Married,$40K - $60K,Blue,48,5,2,0,9373.9,0,9397.8,1.135,1117,18,0.534,0.0
0,37,M,3,Uneducated,Single,$60K - $80K,Blue,36,5,3,0,21440.9,0,22381.9,1.1,885,16,0.73,0.0
1,51,F,1,Graduate,Single,Less than $40K,Blue,43,6,2,3,1722.6,0,1776.1,1.068,698,17,0.613,0.0
0,49,F,5,Graduate,Single,Less than $40K,Blue,44,6,1,2,7947.1,865,7161.0,1.567,1287,28,3.731,0.108
0,58,M,0,Graduate,Unknown,$80K - $120K,Blue,49,4,1,3,17870.5,1733,16095.9,0.919,1534,32,0.647,0.096
0,48,F,2,Graduate,Married,Less than $40K,Blue,36,5,2,2,2492.9,1558,1438.3,0.853,1445,27,0.877,0.619
0,42,M,1,Graduate,Married,$40K - $60K,Blue,36,4,2,2,4144.4,1468,2479.2,0.807,1085,34,0.868,0.364
0,43,F,2,High School,Single,Less than $40K,Blue,36,4,2,2,1447.7,974,1438.3,1.754,1062,26,0.355,0.687
0,32,M,0,High School,Unknown,$60K - $80K,Silver,27,2,2,2,28953.6,1395,26933.9,2.202,1535,38,0.717,0.047
1,57,F,3,High School,Single,Less than $40K,Blue,48,3,3,4,1462.2,0,1451.7,0.513,683,11,0.39,0.0
1,51,F,3,High School,Single,Less than $40K,Blue,36,6,3,3,2399.0,0,2508.2,1.018,930,19,0.503,0.0
0,50,M,4,Graduate,Married,$80K - $120K,Blue,36,4,2,2,30510.1,1681,27763.2,1.569,1675,34,0.914,0.054
0,43,F,2,High School,Single,Less than $40K,Blue,36,4,2,2,1460.5,969,1438.3,1.8,1054,27,0.348,0.701
0,40,M,3,College,Married,$60K - $80K,Blue,36,4,1,1,17845.2,0,18118.8,1.2,1784,31,0.753,0.0
0,51,M,4,Unknown,Married,$120K +,Gold,46,6,1,3,34516.0,2263,31729.4,2.044,1329,27,0.707,0.067
0,53,M,3,High School,Married,$40K - $60K,Blue,42,3,1,2,4037.1,2049,1972.9,1.453,1014,30,0.782,0.512
0,39,F,1,College,Single,Less than $40K,Blue,28,5,2,2,3009.8,1471,1604.0,0.837,1198,29,0.698,0.473
0,41,F,3,High School,Single,Less than $40K,Blue,33,3,2,1,1456.5,972,1438.3,1.763,1062,28,0.367,0.676
0,44,F,3,Uneducated,Single,Less than $40K,Blue,34,5,2,2,10558.7,0,10112.5,0.538,1051,13,1.533,0.0
0,55,F,3,Graduate,Married,Less than $40K,Blue,36,3,3,4,1443.5,0,1450.6,0.634,1062,22,0.354,0.0
0,49,M,3,Graduate,Married,$80K - $120K,Blue,36,5,1,3,11713.9,1674,10117.3,1.505,1445,27,0.859,0.147
1,47,M,1,Doctorate,Divorced,$60K - $80K,Blue,42,5,2,0,2172.9,0,2200.7,0.411,692,18,0.592,0.0
0,55,F,3,Graduate,Married,Less than $40K,Blue,36,3,3,4,1438.3,0,1438.3,0.617,1062,21,0.347,0.0
0,48,M,2,Graduate,Single,$80K - $120K,Blue,36,6,3,3,11849.6,1674,9813.8,1.5,1442,30,0.904,0.143
1,52,F,2,Graduate,Married,Less than $40K,Blue,44,3,3,3,1438.3,0,1440.8,0.455,646,10,0.397,0.0
0,47,F,4,High School,Single,Less than $40K,Blue,36,3,3,2,2495.6,1564,1438.3,0.587,1128,22,0.361,0.618
1,49,F,2,Graduate,Single,Less than $40K,Blue,36,2,3,3,1438.3,0,1438.3,0.507,655,10,0.455,0.0
1,62,F,0,Graduate,Married,Less than $40K,Blue,49,2,3,3,1452.1,0,1450.9,1.046,695,19,0.628,0.0
0,40,M,1,High School,Married,$60K - $80K,Blue,36,5,2,1,13771.3,0,13927.3,0.585,1039,21,0.554,0.0
1,62,F,0,Graduate,Married,Less than $40K,Blue,49,2,3,3,1468.1,0,1438.3,1.065,695,16,0.615,0.0
0,55,F,3,Graduate,Married,Less than $40K,Blue,36,3,3,4,1438.3,0,1438.3,0.592,1059,19,0.361,0.0
0,47,M,2,Graduate,Single,$80K - $120K,Blue,36,5,1,2,11715.4,2256,9638.9,1.997,1540,32,0.409,0.191
0,40,F,4,High School,Unknown,Less than $40K,Blue,34,3,4,1,3248.1,2517,1438.3,1.411,1167,24,2.38,0.78
0,47,F,4,High School,Single,Less than $40K,Blue,36,3,3,2,2469.9,1559,1438.3,0.587,1129,18,0.355,0.631
0,41,M,3,High School,Single,$80K - $120K,Blue,28,4,1,1,4302.2,0,4207.8,2.444,1519,20,0.829,0.0
0,36,F,3,Graduate,Single,Less than $40K,Blue,24,4,1,3,2466.8,1222,1438.3,0.82,1062,29,0.902,0.5
0,40,F,4,High School,Unknown,Less than $40K,Blue,34,3,4,1,3251.9,2516,1438.3,1.422,1168,20,2.299,0.774
0,55,F,1,Graduate,Married,Unknown,Blue,36,2,3,4,15041.1,2050,12574.4,1.424,1184,21,1.171,0.143
0,57,M,2,Post-Graduate,Married,$40K - $60K,Blue,48,5,2,0,9707.2,0,9299.9,1.117,1120,18,0.533,0.0
1,45,M,3,Graduate,Married,$60K - $80K,Blue,36,4,3,3,1450.2,0,1438.3,0.564,697,10,0.508,0.0
0,48,M,3,College,Single,$80K - $120K,Blue,36,4,3,3,12221.1,0,11554.4,0.748,1542,19,0.41,0.0
0,41,M,3,High School,Single,$80K - $120K,Blue,28,4,1,1,4203.9,0,4280.5,2.438,1528,20,0.82,0.0
0,49,M,3,Graduate,Married,$80K - $120K,Blue,36,5,1,3,11365.8,1674,10303.3,1.457,1439,31,0.901,0.145
1,62,F,0,Graduate,Married,Less than $40K,Blue,49,2,3,3,1438.3,0,1447.6,1.066,690,17,0.584,0.0
0,44,M,3,Graduate,Married,$40K - $60K,Blue,36,3,3,0,4930.2,0,4762.8,1.549,1086,20,0.496,0.0
0,48,M,2,Post-Graduate,Single,$80K - $120K,Blue,36,6,2,3,30764.4,2358,27841.6,1.73,1673,31,0.93,0.078
0,36,F,3,Graduate,Single,Less than $40K,Blue,24,4,1,3,2427.3,1221,1438.3,0.833,1071,29,0.919,0.482
0,44,F,3,Graduate,Single,Less than $40K,Blue,36,4,2,2,3331.6,1923,1438.3,0.862,1169,26,2.325,0.597
0,49,M,3,Graduate,Married,$80K - $120K,Blue,36,5,1,3,11393.6,1673,9963.5,1.524,1440,30,0.889,0.143
0,41,M,2,Graduate,Single,$80K - $120K,Blue,36,4,2,3,4486.2,1669,2598.6,1.566,1534,29,0.57,0.39
0,48,M,3,College,Single,$80K - $120K,Blue,36,4,3,3,11809.4,0,12531.2,0.761,1539,12,0.423,0.0
0,46,M,3,Graduate,Married,$60K - $80K,Blue,36,4,1,2,9471.7,1401,8095.1,1.334,1308,37,1.33,0.152
0,61,M,1,High School,Married,$40K - $60K,Blue,56,2,2,3,3239.3,1514,1652.8,1.443,1338,33,1.137,0.447
0,40,M,1,High School,Married,$60K - $80K,Blue,36,5,2,1,13811.6,0,13563.3,0.589,1034,19,0.585,0.0
0,47,F,4,High School,Single,Less than $40K,Blue,36,3,3,2,2503.2,1559,1438.3,0.59,1130,20,0.359,0.625
0,57,M,2,Post-Graduate,Married,$40K - $60K,Blue,48,5,2,0,9301.6,0,9472.4,1.16,1120,27,0.518,0.0
0,42,M,2,Graduate,Married,$80K - $120K,Blue,30,6,2,3,18562.4,2261,15661.2,2.006,1776,39,0.77,0.127
0,61,M,1,High School,Married,$40K - $60K,Blue,56,2,2,3,3313.2,1513,1708.8,1.443,1340,34,1.098,0.466
0,55,M,3,Graduate,Married,$60K - $80K,Blue,45,4,2,3,4347.9,1516,2682.7,1.482,1352,27,1.702,0.364
0,37,M,3,Uneducated,Single,$60K - $80K,Blue,36,5,3,0,23064.2,0,23189.4,1.131,881,21,0.755,0.0
0,49,M,3,College,Married,$80K - $120K,Blue,36,5,1,3,11536.8,1935,9935.1,0.619,1437,28,0.865,0.17
0,63,M,1,High School,Married,$60K - $80K,Blue,56,3,3,2,3148.4,1919,1438.3,0.889,1005,27,0.569,0.59
1,48,F,3,Graduate,Married,Less than $40K,Blue,36,2,3,4,1438.3,0,1475.2,0.485,631,10,0.391,0.0
0,37,M,3,Uneducated,Single,$60K - $80K,Blue,36,5,3,0,22376.9,0,22382.3,1.112,879,14,0.705,0.0
0,48,F,2,Graduate,Divorced,Less than $40K,Blue,40,5,3,3,1469.8,0,1462.8,0.667,1051,16,0.659,0.0
1,50,F,2,Graduate,Married,Less than $40K,Blue,40,4,3,3,1438.3,0,1452.2,0.413,618,13,0.354,0.0
0,44,M,4,Unknown,Married,$80K - $120K,Blue,37,5,1,2,4363.5,967,3206.8,1.781,1346,30,1.678,0.228
1,56,M,2,Graduate,Single,$60K - $80K,Blue,48,3,4,3,2186.1,2,2164.8,0.391,616,10,0.373,0.0
1,62,F,0,Graduate,Married,Less than $40K,Blue,49,2,3,3,1438.3,0,1467.9,1.054,693,17,0.609,0.0
0,57,M,2,Post-Graduate,Married,$40K - $60K,Blue,48,5,2,0,9259.7,0,9387.7,1.183,1124,22,0.537,0.0
0,54,M,2,Unknown,Married,$80K - $120K,Blue,42,4,2,3,11812.7,0,12118.4,1.098,1106,18,0.754,0.0
0,48,F,2,Graduate,Divorced,Less than $40K,Blue,40,5,3,3,1462.0,0,1438.3,0.676,1051,23,0.662,0.0
0,45,M,3,College,Married,$60K - $80K,Blue,36,5,1,1,12709.6,1357,11432.0,0.94,1140,38,1.637,0.104
0,47,F,4,High School,Single,Less than $40K,Blue,36,3,3,2,2427.7,1565,1438.3,0.561,1127,28,0.352,0.601
0,42,M,4,College,Married,$80K - $120K,Blue,31,3,3,2,8135.7,1935,6283.9,0.635,1201,18,0.925,0.218
0,41,M,3,High School,Single,$80K - $120K,Blue,28,4,1,1,4241.3,0,4272.1,2.557,1524,21,0.825,0.0
0,44,M,4,Unknown,Married,$80K - $120K,Blue,37,5,1,2,4375.3,976,3354.1,1.757,1346,28,1.694,0.231
0,50,M,3,Graduate,Married,$80K - $120K,Blue,36,3,1,1,11717.8,1678,10085.9,1.498,1534,25,0.911,0.141
0,42,F,3,Uneducated,Married,Less than $40K,Blue,32,5,3,2,2327.8,0,2421.7,0.639,961,25,0.353,0.0
0,42,M,4,College,Married,$80K - $120K,Blue,31,3,3,2,8311.0,1930,6284.6,0.616,1196,27,0.902,0.234
0,48,M,3,Graduate,Married,$60K - $80K,Blue,36,5,3,4,3018.4,0,3061.0,1.826,1452,15,0.978,0.0
0,39,F,1,College,Single,Less than $40K,Blue,28,5,2,2,2871.3,1468,1562.1,0.825,1202,33,0.684,0.47
0,42,F,3,Uneducated,Married,Less than $40K,Blue,32,5,3,2,2397.4,0,2447.3,0.629,971,26,0.355,0.0
0,54,M,1,Doctorate,Married,$60K - $80K,Blue,40,2,3,3,8507.5,1404,7312.6,1.354,1306,36,1.378,0.159
0,37,M,3,Uneducated,Single,$60K - $80K,Blue,36,5,3,0,22663.2,0,23509.6,1.142,875,14,0.721,0.0
0,40,M,3,Uneducated,Married,$60K - $80K,Blue,21,5,1,0,4890.4,0,4770.7,2.136,812,24,2.52,0.0
0,58,M,0,Graduate,Unknown,$80K - $120K,Blue,49,4,1,3,18402.5,1730,16374.0,0.951,1544,33,0.643,0.097
0,48,F,2,Graduate,Married,Less than $40K,Blue,36,5,2,2,2478.6,1564,1438.3,0.861,1445,30,0.89,0.627
1,57,F,3,High School,Single,Less than $40K,Blue,48,3,3,4,1438.3,0,1438.3,0.497,677,18,0.393,0.0
0,41,F,3,High School,Single,Less than $40K,Blue,33,3,2,1,1512.3,970,1438.3,1.742,1064,30,0.354,0.686
0,41,M,3,Uneducated,Married,$80K - $120K,Blue,36,4,4,1,4282.1,1673,2592.6,1.573,1531,29,0.566,0.407
0,55,M,3,Graduate,Married,$60K - $80K,Blue,45,4,2,3,4235.2,1512,2728.2,1.41,1351,30,1.7,0.356
0,37,M,3,Uneducated,Single,$60K - $80K,Blue,36,5,3,0,22341.2,0,22941.0,1.142,884,14,0.697,0.0
0,50,M,4,Graduate,Married,$80K - $120K,Blue,36,4,2,2,30487.3,1672,28112.4,1.529,1673,35,0.932,0.055
0,39,F,1,College,Single,Less than $40K,Blue,28,5,2,2,3026.2,1470,1603.7,0.84,1200,30,0.71,0.475
0,48,M,2,Post-Graduate,Single,$80K - $120K,Blue,36,6,2,3,30018.6,2357,28742.7,1.668,1676,25,0.922,0.08
0,51,M,4,Unknown,Married,$120K +,Gold,46,6,1,3,34138.5,2260,32175.8,1.94,1326,29,0.711,0.066
1,51,F,1,Graduate,Single,Less than $40K,Blue,43,6,2,3,1756.8,0,1683.4,1.067,695,13,0.604,0.0
0,48,M,3,College,Single,$80K - $120K,Blue,36,4,3,3,11651.0,0,11635.8,0.737,1539,18,0.42,0.0
1,66,F,0,Doctorate,Married,Unknown,Blue,56,5,4,3,7769.6,606,7465.8,1.062,599,10,0.512,0.078
0,48,M,3,Graduate,Married,$60K - $80K,Blue,36,5,3,4,3041.5,0,3033.6,1.804,1462,12,0.975,0.0
0,37,M,3,Uneducated,Single,$60K - $80K,Blue,36,5,3,0,22238.0,0,21905.3,1.141,878,23,0.738,0.0
0,50,M,1,High School,Married,$40K - $60K,Blue,36,3,2,3,4130.6,1355,2628.2,0.9,1014,23,0.759,0.349
0,59,M,1,High School,Single,$60K - $80K,Blue,46,4,1,4,7035.1,2254,5257.9,2.044,1258,24,0.855,0.299
0,47,M,3,Uneducated,Married,$60K - $80K,Blue,36,5,2,1,4819.0,1393,3356.3,2.232,1087,26,0.852,0.296
0,40,M,3,Uneducated,Married,$60K - $80K,Blue,21,5,1,0,4833.5,5,4693.5,2.145,811,23,2.551,0.0
0,44,F,3,Uneducated,Single,Less than $40K,Blue,34,5,2,2,9681.2,0,10025.9,0.531,1050,17,1.598,0.0
0,55,F,1,Graduate,Married,Unknown,Blue,36,2,3,4,14682.7,2049,12639.2,1.45,1182,20,1.099,0.139
0,42,M,4,Graduate,Married,$60K - $80K,Gold,36,2,3,3,34259.6,1204,32696.5,0.679,1348,36,0.796,0.034
1,50,F,2,Graduate,Married,Less than $40K,Blue,40,4,3,3,1438.3,0,1484.8,0.403,624,16,0.35,0.0
0,32,M,0,High School,Unknown,$60K - $80K,Silver,27,2,2,2,28628.6,1394,27506.5,2.117,1541,34,0.715,0.047
0,51,M,2,College,Married,$80K - $120K,Blue,40,4,2,3,8443.2,1665,7135.6,1.558,1262,29,0.612,0.196
0,41,M,2,Graduate,Single,$80K - $120K,Blue,36,4,2,3,4426.9,1667,2687.4,1.499,1539,29,0.56,0.399
0,48,M,2,Post-Graduate,Single,$80K - $120K,Blue,36,6,2,3,30935.3,2364,28564.2,1.711,1671,29,0.951,0.079
0,49,M,3,College,Married,$80K - $120K,Blue,36,5,1,3,11952.4,1930,9641.0,0.627,1442,29,0.881,0.167
0,49,M,3,Graduate,Married,$80K - $120K,Blue,36,5,1,3,11824.2,1676,10059.6,1.545,1445,31,0.862,0.143
0,38,F,4,High School,Single,Less than $40K,Blue,28,2,3,3,2375.1,1583,1438.3,0.762,1063,24,0.91,0.643
0,40,F,4,High School,Unknown,Less than $40K,Blue,34,3,4,1,3278.2,2514,1438.3,1.396,1176,15,2.341,0.782
0,55,F,3,Graduate,Married,Less than $40K,Blue,36,3,3,4,1452.4,0,1447.6,0.629,1063,24,0.362,0.0
0,40,F,2,Graduate,Single,Less than $40K,Blue,31,5,2,2,2431.1,1467,1438.3,0.837,1126,35,0.357,0.577
1,54,F,1,College,Married,Less than $40K,Blue,40,2,3,1,1458.8,0,1472.5,1.003,705,21,0.885,0.0
0,61,M,1,High School,Married,$40K - $60K,Blue,56,2,2,3,3177.7,1511,1662.4,1.455,1332,32,1.2,0.466
0,42,M,2,Graduate,Married,$80K - $120K,Blue,30,6,2,3,18251.1,2267,16189.9,1.914,1776,39,0.769,0.121
0,57,F,2,Graduate,Single,Less than $40K,Blue,36,6,2,2,2470.6,681,1765.9,1.208,1308,33,1.089,0.271
0,42,F,3,Uneducated,Married,Less than $40K,Blue,32,5,3,2,2421.3,0,2387.6,0.655,970,23,0.352,0.0
0,46,M,2,Graduate,Married,$60K - $80K,Blue,36,4,1,2,9382.8,1407,8141.4,1.326,1306,29,1.371,0.149
0,50,M,4,Graduate,Married,$80K - $120K,Blue,36,4,2,2,31071.1,1677,28417.5,1.517,1670,29,0.945,0.055
0,43,F,2,High School,Single,Less than $40K,Blue,36,4,2,2,1438.3,971,1438.3,1.764,1061,25,0.362,0.689
0,61,M,1,High School,Married,$40K - $60K,Blue,56,2,2,3,3232.3,1510,1632.8,1.437,1332,28,1.167,0.479
0,42,F,3,Uneducated,Married,Less than $40K,Blue,32,5,3,2,2428.5,0,2406.1,0.651,965,25,0.359,0.0
0,44,F,1,Graduate,Married,Less than $40K,Blue,36,4,3,2,3292.5,1579,1801.2,1.445,1173,21,2.318,0.475
0,38,F,4,High School,Single,Less than $40K,Blue,28,2,3,3,2445.8,1576,1438.3,0.784,1071,27,0.907,0.657
0,48,M,3,College,Single,$80K - $120K,Blue,36,4,3,3,11484.3,0,11619.3,0.731,1538,15,0.42,0.0
0,42,M,3,Graduate,Married,$40K - $60K,Blue,36,3,1,2,4084.1,1244,2791.4,1.393,1084,29,0.862,0.312
0,39,F,1,College,Single,Less than $40K,Blue,28,5,2,2,3023.8,1464,1573.6,0.853,1198,35,0.677,0.478
0,45,F,2,Graduate,Married,Unknown,Blue,37,6,1,2,14318.7,1158,13406.4,0.973,1207,26,0.928,0.078
0,42,M,3,Graduate,Married,$40K - $60K,Blue,36,3,1,2,4094.1,1251,2790.0,1.406,1093,22,0.871,0.302
0,43,M,2,Graduate,Married,$60K - $80K,Blue,36,4,2,0,6652.9,1409,5411.8,1.408,1206,31,0.668,0.211
0,42,M,2,Graduate,Married,$80K - $120K,Blue,30,6,2,3,17871.0,2260,16482.9,2.015,1779,33,0.752,0.124
0,42,F,3,Uneducated,Married,Less than $40K,Blue,32,5,3,2,2325.3,0,2419.7,0.65,971,22,0.352,0.0
0,45,M,3,High School,Married,$60K - $80K,Blue,39,5,1,3,12844.8,781,11856.5,1.363,1142,42,1.635,0.061
0,51,M,3,Graduate,Married,$80K - $120K,Blue,36,4,1,0,3330.5,0,3464.0,2.602,1885,23,2.309,0.0
0,39,M,2,Graduate,Single,$80K - $120K,Blue,36,5,1,2,10278.5,2359,7855.6,1.709,1104,35,1.164,0.236
0,42,M,3,Graduate,Married,$40K - $60K,Blue,36,3,1,2,3843.0,1251,2755.7,1.366,1084,27,0.853,0.317
0,36,F,3,Graduate,Single,Less than $40K,Blue,24,4,1,3,2512.4,1220,1438.3,0.879,1070,33,0.918,0.502
0,48,M,3,High School,Married,$60K - $80K,Blue,36,5,1,2,12744.6,1726,11204.7,0.908,1140,33,1.578,0.134
0,54,M,2,Unknown,Married,$80K - $120K,Blue,42,4,2,3,12193.4,0,12187.6,1.108,1114,24,0.73,0.0
0,43,F,2,High School,Married,Less than $40K,Blue,36,4,2,3,2464.8,1563,1438.3,0.861,1437,34,0.887,0.631
0,41,M,2,Graduate,Married,$80K - $120K,Blue,36,4,2,2,8703.9,5,8781.4,2.163,1269,25,0.585,0.0
0,42,M,4,Graduate,Married,$60K - $80K,Gold,36,2,3,3,34490.0,1209,32954.4,0.691,1351,46,0.799,0.035
0,44,M,2,Graduate,Married,$40K - $60K,Blue,36,3,1,2,4098.5,1252,2758.0,1.318,1085,19,0.843,0.311
0,39,F,1,College,Single,Less than $40K,Blue,28,5,2,2,3041.9,1465,1578.4,0.841,1205,25,0.724,0.506
0,37,M,3,College,Married,$40K - $60K,Blue,36,3,3,0,9131.4,1648,7485.4,1.484,1302,34,1.495,0.185
0,38,F,4,High School,Single,Less than $40K,Blue,28,2,3,3,2412.3,1582,1438.3,0.758,1065,26,0.914,0.659
0,53,M,2,Uneducated,Married,$60K - $80K,Blue,48,2,2,1,2448.2,1692,1438.3,1.324,1596,27,0.855,0.692
0,38,F,4,High School,Single,Less than $40K,Blue,28,2,3,3,2445.0,1581,1438.3,0.797,1065,22,0.935,0.663
0,42,M,2,Graduate,Married,$80K - $120K,Blue,30,6,2,3,17760.0,2267,16041.3,1.955,1784,41,0.791,0.124
0,45,F,4,Graduate,Single,Less than $40K,Blue,36,6,1,3,1438.3,0,1459.6,1.02,1203,27,0.611,0.0
1,47,M,1,Doctorate,Divorced,$60K - $80K,Blue,42,5,2,0,2225.6,0,2220.0,0.435,687,11,0.579,0.0
0,52,M,3,Graduate,Married,$60K - $80K,Blue,40,3,1,0,8576.2,1644,6770.9,1.515,1308,31,1.34,0.193
0,45,M,3,College,Married,$60K - $80K,Blue,36,5,1,1,12644.3,1354,11582.2,0.923,1141,33,1.644,0.1
0,41,F,3,High School,Single,Less than $40K,Blue,33,3,2,1,1438.8,974,1438.3,1.801,1054,24,0.357,0.679
0,55,F,3,Graduate,Married,Less than $40K,Blue,36,3,3,4,1448.3,0,1461.5,0.637,1059,23,0.361,0.0
1,62,F,0,Graduate,Married,Less than $40K,Blue,49,2,3,3,1438.3,0,1448.9,1.031,697,18,0.586,0.0
0,61,M,1,High School,Married,$40K - $60K,Blue,56,2,2,3,3143.3,1517,1739.7,1.427,1339,27,1.09,0.474
0,45,F,2,Graduate,Married,Unknown,Blue,37,6,1,2,14526.7,1158,13253.5,0.99,1209,25,0.925,0.078
0,50,M,3,Graduate,Married,$80K - $120K,Blue,36,3,1,1,11548.5,1677,10031.4,1.575,1544,30,0.914,0.142
0,41,M,3,Uneducated,Married,$80K - $120K,Blue,36,4,4,1,4311.9,1668,2607.0,1.564,1537,29,0.539,0.382
0,45,F,4,Graduate,Single,Less than $40K,Blue,36,6,1,3,1438.3,0,1438.3,1.024,1206,30,0.634,0.0
0,40,M,1,High School,Married,$60K - $80K,Blue,36,5,2,1,13961.6,0,13898.9,0.607,1036,23,0.58,0.0
0,54,M,1,Doctorate,Married,$60K - $80K,Blue,40,2,3,3,8627.8,1400,6912.1,1.34,1311,35,1.354,0.167
0,47,M,2,Graduate,Married,$60K - $80K,Blue,42,5,2,0,2448.5,678,1719.0,1.182,1315,30,1.052,0.275
1,54,F,1,College,Married,Less than $40K,Blue,40,2,3,1,1466.6,0,1438.3,1.004,702,15,0.897,0.0
0,45,M,3,High School,Married,$60K - $80K,Blue,39,5,1,3,13113.7,779,12140.4,1.376,1148,38,1.613,0.059
0,57,F,2,Graduate,Single,Less than $40K,Blue,36,6,2,2,2485.4,685,1816.1,1.21,1316,32,1.033,0.283
0,51,M,3,Graduate,Married,$80K - $120K,Blue,36,4,1,0,3292.2,0,3410.9,2.616,1890,15,2.3,0.0
0,44,M,4,Unknown,Married,$80K - $120K,Blue,37,5,1,2,4125.6,968,3251.0,1.781,1346,23,1.718,0.232
0,48,F,2,Graduate,Married,Less than $40K,Blue,36,5,2,2,2460.9,1559,1438.3,0.853,1442,35,0.888,0.626
0,50,M,3,Graduate,Married,$80K - $120K,Blue,36,3,1,1,11785.1,1680,10336.7,1.541,1542,28,0.932,0.143
0,41,F,3,High School,Single,Less than $40K,Blue,33,3,2,1,1453.2,976,1438.3,1.676,1055,27,0.346,0.698
0,57,M,2,Post-Graduate,Married,$40K - $60K,Blue,48,5,2,0,9313.8,0,9496.1,1.137,1117,26,0.531,0.0
0,50,M,4,Graduate,Married,$80K - $120K,Blue,36,4,2,2,30480.4,1682,29249.6,1.531,1674,33,0.889,0.055
0,40,F,4,High School,Unknown,Less than $40K,Blue,34,3,4,1,3262.9,2517,1438.3,1.373,1168,25,2.341,0.743
0,44,M,4,Unknown,Married,$80K - $120K,Blue,37,5,1,2,4182.2,976,3274.4,1.779,1351,26,1.749,0.226
0,43,M,2,Graduate,Married,$60K - $80K,Blue,36,4,2,0,6558.2,1403,5451.0,1.348,1200,39,0.66,0.208
0,55,M,3,Graduate,Married,$60K - $80K,Blue,45,4,2,3,4155.8,1510,2572.0,1.492,1348,30,1.68,0.366
0,47,F,4,High School,Single,Less than $40K,Blue,36,3,3,2,2424.6,1560,1438.3,0.591,1122,23,0.355,0.623
0,63,M,1,High School,Married,$60K - $80K,Blue,56,3,3,2,3149.3,1923,1438.3,0.857,1012,35,0.594,0.595
0,32,M,0,High School,Unknown,$60K - $80K,Silver,27,2,2,2,29693.8,1397,26671.4,2.197,1543,34,0.708,0.048
0,42,M,3,Graduate,Married,$40K - $60K,Blue,36,3,1,2,3933.9,1243,2791.2,1.374,1091,19,0.834,0.308
0,55,F,3,Graduate,Married,Less than $40K,Blue,36,3,3,4,1514.0,0,1477.8,0.614,1055,22,0.339,0.0
0,43,F,2,High School,Single,Less than $40K,Blue,36,4,2,2,1452.5,977,1438.3,1.772,1059,32,0.354,0.656
0,32,M,0,High School,Unknown,$60K - $80K,Silver,27,2,2,2,29188.5,1394,28212.6,2.171,1538,39,0.743,0.049
0,39,F,1,College,Single,Less than $40K,Blue,28,5,2,2,2982.9,1470,1618.6,0.812,1203,32,0.684,0.477
1,58,F,2,High School,Single,Less than $40K,Blue,48,3,3,4,1458.4,0,1476.1,0.493,684,16,0.4,0.0
0,50,M,1,High School,Married,$40K - $60K,Blue,36,3,2,3,3963.8,1350,2742.1,0.935,1010,20,0.755,0.329
0,63,M,1,High School,Married,$60K - $80K,Blue,56,3,3,2,3219.8,1921,1438.3,0.851,1013,33,0.579,0.606
0,42,M,3,Graduate,Married,$40K - $60K,Blue,36,3,1,2,4215.3,1244,2767.2,1.401,1083,21,0.832,0.315
0,45,M,2,Graduate,Single,$80K - $120K,Blue,37,6,1,2,9910.9,1224,8431.9,0.841,1108,29,1.152,0.124
0,47,F,4,High School,Single,Less than $40K,Blue,36,3,3,2,2549.3,1563,1438.3,0.576,1130,18,0.355,0.614
1,49,F,2,Graduate,Single,Less than $40K,Blue,36,2,3,3,1438.3,0,1438.3,0.52,655,16,0.45,0.0
0,59,M,1,High School,Single,$60K - $80K,Blue,46,4,1,4,7423.8,2258,5395.5,2.021,1260,26,0.84,0.297
0,48,M,3,High School,Married,$60K - $80K,Blue,36,5,1,2,13140.5,1734,10923.4,0.931,1141,34,1.667,0.135
0,48,M,2,Post-Graduate,Single,$80K - $120K,Blue,36,6,2,3,29986.2,2365,28074.0,1.69,1675,29,0.941,0.08
1,52,F,2,Graduate,Married,Less than $40K,Blue,44,3,3,3,1490.4,0,1454.2,0.454,650,15,0.396,0.0
0,41,M,2,Graduate,Married,$80K - $120K,Blue,36,4,2,2,8757.2,2,8642.5,2.216,1265,32,0.623,0.0
0,44,F,3,Graduate,Single,Less than $40K,Blue,36,4,2,2,3275.7,1924,1439.2,0.852,1166,26,2.31,0.569
0,39,M,2,Graduate,Single,$80K - $120K,Blue,36,5,1,2,10055.6,2360,7473.8,1.702,1102,28,1.115,0.241
0,42,M,3,Graduate,Married,$40K - $60K,Blue,36,3,1,2,4088.0,1247,2773.8,1.333,1084,25,0.833,0.311
0,44,F,3,Uneducated,Single,Less than $40K,Blue,34,5,2,2,10225.6,0,9950.0,0.52,1057,23,1.515,0.0
0,48,M,3,College,Single,$80K - $120K,Blue,36,4,3,3,11409.1,0,11468.0,0.747,1542,15,0.421,0.0
1,51,F,1,Graduate,Single,Less than $40K,Blue,43,6,2,3,1732.4,0,1736.5,1.049,693,11,0.578,0.0
0,58,M,0,Graduate,Unknown,$80K - $120K,Blue,49,4,1,3,17907.9,1725,16256.0,0.919,1535,38,0.62,0.098
0,44,M,2,Graduate,Married,$40K - $60K,Blue,36,3,1,2,4004.0,1247,2739.3,1.374,1086,20,0.811,0.304
0,47,M,2,Graduate,Single,$80K - $120K,Blue,36,5,1,2,11925.2,2261,9389.1,2.041,1535,25,0.416,0.18
1,56,M,2,Graduate,Single,$60K - $80K,Blue,48,3,4,3,2200.8,0,2131.3,0.396,607,10,0.374,0.0
0,45,F,4,Graduate,Single,Less than $40K,Blue,36,6,1,3,1438.3,0,1438.3,1.028,1202,28,0.628,0.0
0,54,M,2,Unknown,Married,$80K - $120K,Blue,42,4,2,3,12309.9,0,11849.3,1.049,1114,22,0.734,0.0
0,47,M,3,Uneducated,Married,$60K - $80K,Blue,36,5,2,1,4773.6,1393,3370.5,2.158,1090,25,0.826,0.29
0,48,M,2,Graduate,Single,$80K - $120K,Blue,36,6,3,3,11786.5,1672,9995.5,1.509,1445,28,0.89,0.152
0,43,F,2,High School,Married,Less than $40K,Blue,36,4,2,3,2545.9,1558,1438.3,0.846,1445,33,0.872,0.622
0,44,M,3,Graduate,Married,$40K - $60K,Blue,36,3,3,0,4866.8,0,4757.4,1.487,1083,23,0.503,0.0
0,40,M,3,Uneducated,Married,$60K - $80K,Blue,21,5,1,0,4759.3,0,4645.1,2.119,819,28,2.456,0.0
0,41,M,2,Graduate,Married,$80K - $120K,Blue,36,4,2,2,8622.9,0,8690.1,2.205,1262,33,0.613,0.0
0,51,M,2,College,Married,$80K - $120K,Blue,40,4,2,3,8348.2,1665,7152.8,1.553,1267,32,0.627,0.192
0,41,M,3,Uneducated,Married,$80K - $120K,Blue,36,4,4,1,4313.8,1665,2510.2,1.565,1538,28,0.569,0.388
0,40,F,4,High School,Unknown,Less than $40K,Blue,34,3,4,1,3326.8,2517,1438.3,1.389,1168,16,2.314,0.754
0,40,M,1,High School,Married,$60K - $80K,Blue,36,5,2,1,13754.3,0,13636.2,0.579,1031,23,0.574,0.0
0,42,M,5,Uneducated,Unknown,$120K +,Blue,31,5,3,2,6575.7,1472,5351.9,0.816,1201,41,0.677,0.218
0,45,M,3,College,Married,$60K - $80K,Blue,36,5,1,1,12416.6,1357,11384.3,0.922,1139,38,1.625,0.107
1,51,F,3,High School,Single,Less than $40K,Blue,36,6,3,3,2562.9,0,2472.3,1.023,927,13,0.497,0.0
0,48,M,3,High School,Married,$60K - $80K,Blue,36,5,1,2,12681.0,1730,10892.1,0.934,1139,39,1.62,0.137
0,49,M,3,Graduate,Married,$80K - $120K,Blue,36,5,1,3,11814.9,1679,9820.1,1.47,1438,32,0.886,0.138
0,41,M,2,Graduate,Single,$80K - $120K,Blue,36,4,2,3,4279.4,1666,2664.1,1.536,1539,23,0.551,0.374
0,46,M,3,Graduate,Married,$60K - $80K,Blue,36,4,1,2,9456.6,1400,8050.4,1.362,1310,28,1.329,0.151
0,59,M,1,High School,Single,$60K - $80K,Blue,46,4,1,4,7568.4,2260,5367.6,2.029,1261,29,0.833,0.307
0,40,M,1,High School,Married,$60K - $80K,Blue,36,5,2,1,13538.8,0,13663.4,0.615,1039,20,0.553,0.0
0,39,M,2,Graduate,Single,$80K - $120K,Blue,36,5,1,2,9949.1,2363,7460.8,1.72,1103,28,1.105,0.231
0,41,M,2,Graduate,Married,$80K - $120K,Blue,36,4,2,2,8555.2,0,8373.6,2.18,1262,31,0.613,0.0
0,44,M,4,Unknown,Married,$80K - $120K,Blue,37,5,1,2,4197.2,972,3144.4,1.762,1347,23,1.67,0.229
1,62,F,0,Graduate,Married,Less than $40K,Blue,49,2,3,3,1438.3,0,1438.3,1.01,697,15,0.606,0.0
0,45,M,3,High School,Married,$60K - $80K,Blue,39,5,1,3,12747.4,774,11977.7,1.333,1142,47,1.626,0.06
1,47,M,1,Doctorate,Divorced,$60K - $80K,Blue,42,5,2,0,2172.0,0,2215.3,0.415,694,16,0.576,0.0
1,45,M,3,Graduate,Married,$60K - $80K,Blue,36,4,3,3,1474.4,0,1438.3,0.581,699,20,0.507,0.0
0,44,M,2,Graduate,Married,$40K - $60K,Blue,36,3,1,2,3938.3,1249,2812.5,1.361,1093,26,0.86,0.308
0,42,M,3,Graduate,Married,$40K - $60K,Blue,36,3,1,2,3995.0,1244,2736.3,1.373,1090,29,0.829,0.316
0,42,M,1,Graduate,Married,$40K - $60K,Blue,36,4,2,2,3974.7,1464,2550.5,0.82,1088,27,0.853,0.352
1,56,M,2,Graduate,Single,$60K - $80K,Blue,48,3,4,3,2256.5,0,2263.7,0.403,617,10,0.369,0.0
0,37,M,3,Uneducated,Single,$60K - $80K,Blue,36,5,3,0,22439.9,0,22752.9,1.115,879,17,0.728,0.0
0,40,M,3,Uneducated,Married,$60K - $80K,Blue,21,5,1,0,4813.3,0,4690.7,2.255,814,27,2.437,0.0
0,51,M,3,Graduate,Married,$80K - $120K,Blue,36,4,1,0,3316.4,5,3357.1,2.636,1885,23,2.249,0.0
0,42,M,4,College,Married,$80K - $120K,Blue,31,3,3,2,8396.6,1929,6144.7,0.636,1195,28,0.91,0.237
0,41,M,3,High School,Single,$80K - $120K,Blue,28,4,1,1,4346.0,0,4208.6,2.486,1529,23,0.831,0.0
0,42,M,4,College,Married,$80K - $120K,Blue,31,3,3,2,8365.7,1933,6393.9,0.635,1200,24,0.91,0.234
0,55,F,1,Graduate,Married,Unknown,Blue,36,2,3,4,15099.0,2050,12487.5,1.386,1182,19,1.098,0.137
0,50,M,4,Graduate,Married,$80K - $120K,Blue,36,4,2,2,30052.8,1679,28614.7,1.515,1674,31,0.922,0.055
0,50,M,4,Graduate,Married,$80K - $120K,Blue,36,4,2,2,31223.0,1676,28734.1,1.55,1675,31,0.934,0.055
1,50,F,2,Graduate,Married,Less than $40K,Blue,40,4,3,3,1504.4,0,1438.3,0.411,620,10,0.35,0.0
0,48,M,2,Post-Graduate,Single,$80K - $120K,Blue,36,6,2,3,30146.6,2362,27640.9,1.66,1675,30,0.932,0.078
0,45,M,3,College,Married,$60K - $80K,Blue,36,5,1,1,12577.9,1359,11374.2,0.922,1145,38,1.603,0.107
1,48,F,3,Graduate,Married,Less than $40K,Blue,36,2,3,4,1480.1,0,1451.0,0.494,634,16,0.394,0.0
1,52,F,2,Graduate,Married,Less than $40K,Blue,44,3,3,3,1483.7,0,1438.3,0.467,642,10,0.391,0.0
0,45,M,3,High School,Married,$60K - $80K,Blue,39,5,1,3,12558.3,778,12250.2,1.333,1146,41,1.641,0.062
1,54,F,3,Uneducated,Married,Unknown,Blue,42,5,1,2,1438.3,0,1438.3,1.014,702,15,0.921,0.0
0,38,F,4,High School,Single,Less than $40K,Blue,28,2,3,3,2416.3,1579,1438.3,0.761,1062,27,0.926,0.636
0,39,M,2,Graduate,Single,$80K - $120K,Blue,36,5,1,2,9663.0,2363,7675.2,1.65,1109,31,1.128,0.242
0,40,F,4,High School,Unknown,Less than $40K,Blue,34,3,4,1,3252.1,2516,1438.3,1.379,1170,22,2.308,0.742
0,36,F,3,Graduate,Single,Less than $40K,Blue,24,4,1,3,2381.2,1218,1438.3,0.879,1063,33,0.936,0.508
0,51,M,2,College,Married,$80K - $120K,Blue,40,4,2,3,8502.4,1665,7006.0,1.539,1269,25,0.594,0.195
0,53,M,2,Uneducated,Married,$60K - $80K,Blue,48,2,2,1,2449.3,1691,1438.3,1.315,1596,28,0.84,0.664
0,40,M,3,College,Married,$60K - $80K,Blue,36,4,1,1,18475.1,0,18522.0,1.186,1784,28,0.759,0.0
0,42,M,3,Graduate,Married,$40K - $60K,Blue,36,3,1,2,4134.4,1252,2699.8,1.428,1091,28,0.867,0.308
0,37,M,3,Uneducated,Single,$60K - $80K,Blue,36,5,3,0,21905.7,0,22400.5,1.158,875,23,0.733,0.0
0,43,M,2,Graduate,Married,$60K - $80K,Blue,36,4,2,0,6880.8,1402,5340.4,1.414,1199,31,0.667,0.214
0,42,F,3,Uneducated,Married,Less than $40K,Blue,32,5,3,2,2389.7,0,2390.0,0.645,961,22,0.351,0.0
1,51,F,3,High School,Single,Less than $40K,Blue,36,6,3,3,2507.5,0,2503.5,1.047,924,13,0.494,0.0
0,40,M,3,College,Married,$60K - $80K,Blue,36,4,1,1,18637.2,0,17696.9,1.157,1782,31,0.754,0.0
0,57,F,2,Graduate,Single,Less than $40K,Blue,36,6,2,2,2381.3,685,1736.7,1.225,1317,35,1.083,0.283
0,51,M,3,Graduate,Married,$80K - $120K,Blue,36,4,1,0,3444.1,0,3424.3,2.533,1883,17,2.269,0.0
0,50,M,1,High School,Married,$40K - $60K,Blue,36,3,2,3,4023.3,1353,2663.5,0.927,1006,18,0.774,0.346
0,57,M,2,Post-Graduate,Married,$40K - $60K,Blue,48,5,2,0,9544.1,2,9256.7,1.119,1126,24,0.542,0.0
0,51,M,2,College,Married,$80K - $120K,Blue,40,4,2,3,8684.9,1674,7142.3,1.529,1267,27,0.624,0.185
0,57,F,2,Graduate,Single,Less than $40K,Blue,36,6,2,2,2555.6,683,1725.6,1.17,1310,30,1.052,0.276
0,40,M,3,Uneducated,Married,$60K - $80K,Blue,21,5,1,0,4655.8,0,4807.4,2.149,813,30,2.493,0.0
0,51,M,4,Unknown,Married,$120K +,Gold,46,6,1,3,34149.4,2263,32527.6,1.954,1328,28,0.701,0.067
0,51,M,4,Unknown,Married,$120K +,Gold,46,6,1,3,34085.8,2262,31835.2,1.953,1335,32,0.714,0.063
0,50,M,3,Graduate,Married,$80K - $120K,Blue,36,3,1,1,11648.1,1681,10460.7,1.549,1538,23,0.938,0.149
0,48,M,2,Post-Graduate,Single,$80K - $120K,Blue,36,6,2,3,29979.9,2362,27336.4,1.67,1666,32,0.953,0.079
0,45,F,4,Graduate,Single,Less than $40K,Blue,36,6,1,3,1472.5,0,1464.7,1.047,1207,36,0.618,0.0
0,41,M,3,High School,Single,$80K - $120K,Blue,28,4,1,1,4391.3,0,4355.4,2.528,1519,17,0.827,0.0
0,46,F,2,High School,Married,Less than $40K,Blue,36,4,2,2,2408.2,1688,1438.3,1.307,1309,30,1.059,0.727
0,45,M,3,College,Married,$60K - $80K,Blue,36,5,1,1,12479.7,1357,11651.7,0.91,1144,40,1.58,0.109
0,54,M,1,Doctorate,Married,$60K - $80K,Blue,40,2,3,3,8627.6,1401,7107.3,1.348,1306,28,1.373,0.167
0,47,M,3,Uneducated,Married,$60K - $80K,Blue,36,5,2,1,4663.9,1401,3339.2,2.256,1093,28,0.834,0.297
0,41,F,3,High School,Single,Less than $40K,Blue,33,3,2,1,1456.5,971,1438.3,1.772,1055,30,0.352,0.674
1,54,F,3,Uneducated,Married,Unknown,Blue,42,5,1,2,1444.1,0,1438.3,0.984,706,16,0.892,0.0
0,42,M,4,Graduate,Married,$60K - $80K,Gold,36,2,3,3,33469.7,1205,33851.2,0.693,1343,38,0.771,0.034
1,49,F,2,Graduate,Single,Less than $40K,Blue,36,2,3,3,1482.8,0,1461.1,0.501,655,11,0.45,0.0
0,44,M,4,Unknown,Married,$80K - $120K,Blue,37,5,1,2,4386.1,971,3147.9,1.789,1346,32,1.693,0.224
0,42,M,4,Graduate,Married,$60K - $80K,Gold,36,2,3,3,34093.0,1207,34180.0,0.692,1352,36,0.777,0.035
0,50,M,1,High School,Married,$40K - $60K,Blue,36,3,2,3,3978.9,1358,2566.7,0.917,1011,24,0.739,0.327
0,44,M,4,Unknown,Married,$80K - $120K,Blue,37,5,1,2,4258.2,974,3329.4,1.735,1350,32,1.711,0.231
0,47,M,2,Graduate,Single,$80K - $120K,Blue,36,5,1,2,11857.8,2260,9735.5,1.986,1542,25,0.431,0.192
0,44,M,3,Graduate,Married,$40K - $60K,Blue,36,3,3,0,4850.0,0,4682.6,1.526,1087,22,0.501,0.0
0,46,F,2,High School,Married,Less than $40K,Blue,36,4,2,2,2533.9,1688,1438.3,1.353,1317,28,1.083,0.687
0,46,M,2,Graduate,Married,$60K - $80K,Blue,36,4,1,2,9417.6,1409,7869.0,1.337,1314,28,1.319,0.158
1,54,F,3,Uneducated,Married,Unknown,Blue,42,5,1,2,1438.3,0,1438.3,1.004,703,17,0.903,0.0
0,48,M,3,High School,Married,$60K - $80K,Blue,36,5,1,2,12340.9,1734,10894.5,0.884,1144,33,1.589,0.133
0,44,M,4,Unknown,Married,$80K - $120K,Blue,37,5,1,2,4172.1,971,3312.9,1.744,1350,26,1.65,0.231
0,48,F,2,Graduate,Divorced,Less than $40K,Blue,40,5,3,3,1438.3,0,1476.0,0.673,1059,19,0.657,0.0
0,42,M,4,Graduate,Married,$60K - $80K,Gold,36,2,3,3,34516.0,1208,34240.8,0.674,1345,46,0.802,0.034
0,48,M,2,Graduate,Single,$80K - $120K,Blue,36,6,3,3,11535.3,1681,9866.8,1.495,1437,33,0.899,0.14
1,55,M,2,Graduate,Married,$60K - $80K,Blue,46,2,3,3,2202.8,0,2183.8,0.396,650,14,0.335,0.0
0,46,F,2,High School,Married,Less than $40K,Blue,36,4,2,2,2435.2,1692,1438.3,1.329,1310,28,1.029,0.685
0,44,M,3,Graduate,Married,$40K - $60K,Blue,36,3,3,0,4900.8,0,4709.8,1.504,1082,19,0.498,0.0
1,54,F,3,Uneducated,Married,Unknown,Blue,42,5,1,2,1511.0,0,1466.1,0.95,707,17,0.905,0.0
0,42,M,1,Graduate,Married,$40K - $60K,Blue,36,4,2,2,3967.4,1468,2625.2,0.796,1091,29,0.849,0.376
0,40,M,3,Uneducated,Married,$60K - $80K,Blue,21,5,1,0,4669.8,0,4599.6,2.149,819,28,2.408,0.0
0,44,F,3,Uneducated,Single,Less than $40K,Blue,34,5,2,2,10310.9,0,9980.3,0.53,1048,16,1.543,0.0
0,40,F,4,High School,Unknown,Less than $40K,Blue,34,3,4,1,3358.2,2514,1438.3,1.328,1174,17,2.33,0.77
0,48,M,2,Graduate,Single,$80K - $120K,Blue,36,6,3,3,12086.5,1678,10034.9,1.509,1442,35,0.891,0.143
0,43,F,2,High School,Married,Less than $40K,Blue,36,4,2,3,2521.1,1563,1438.3,0.843,1440,31,0.843,0.616
0,48,M,2,Post-Graduate,Single,$80K - $120K,Blue,36,6,2,3,30148.8,2364,28242.5,1.755,1672,28,0.926,0.081
0,50,M,4,Graduate,Married,$80K - $120K,Blue,36,4,2,2,30725.7,1679,28418.1,1.512,1674,32,0.932,0.055
0,48,M,2,Post-Graduate,Single,$80K - $120K,Blue,36,6,2,3,31040.4,2365,27996.9,1.721,1673,31,0.945,0.079
0,44,F,3,Graduate,Single,Less than $40K,Blue,36,4,2,2,3367.4,1925,1438.3,0.867,1171,29,2.365,0.57
1,55,M,2,Graduate,Married,$60K - $80K,Blue,46,2,3,3,2215.2,0,2193.3,0.384,648,13,0.337,0.0
1,56,M,2,Graduate,Single,$60K - $80K,Blue,48,3,4,3,2239.8,0,2173.9,0.395,607,16,0.369,0.0
0,40,M,3,College,Married,$60K - $80K,Blue,36,4,1,1,18819.0,0,18348.7,1.198,1780,30,0.736,0.0
0,44,M,2,Graduate,Married,$40K - $60K,Blue,36,3,1,2,4120.8,1249,2758.1,1.39,1085,28,0.839,0.304
0,42,M,4,College,Married,$80K - $120K,Blue,31,3,3,2,8460.4,1932,6373.5,0.679,1197,19,0.935,0.231
0,47,M,3,Uneducated,Married,$60K - $80K,Blue,36,5,2,1,4700.2,1398,3302.8,2.112,1088,21,0.87,0.286
0,39,M,2,Graduate,Single,$80K - $120K,Blue,36,5,1,2,9959.1,2357,7810.0,1.767,1103,28,1.149,0.233
0,45,F,2,Graduate,Single,Less than $40K,Blue,36,4,3,3,1473.0,0,1454.4,0.698,1335,14,0.706,0.0
0,41,F,3,High School,Single,Less than $40K,Blue,33,3,2,1,1438.3,973,1438.3,1.775,1062,22,0.356,0.684
0,41,M,3,High School,Single,$80K - $120K,Blue,28,4,1,1,4301.5,0,4329.5,2.466,1520,24,0.824,0.0
1,45,M,3,Graduate,Married,$60K - $80K,Blue,36,4,3,3,1438.3,0,1438.3,0.566,698,15,0.499,0.0
0,52,M,3,Graduate,Married,$60K - $80K,Blue,40,3,1,0,8551.9,1646,7061.9,1.441,1315,31,1.402,0.189
0,37,M,3,Uneducated,Single,$60K - $80K,Blue,36,5,3,0,22923.5,1,22517.2,1.129,875,21,0.713,0.0
0,41,F,3,High School,Single,Less than $40K,Blue,33,3,2,1,1443.8,977,1438.3,1.711,1060,27,0.364,0.685
0,44,M,4,Unknown,Married,$80K - $120K,Blue,37,5,1,2,4237.9,969,3291.2,1.791,1343,28,1.689,0.234
0,32,M,0,High School,Unknown,$60K - $80K,Silver,27,2,2,2,28290.1,1396,26815.2,2.186,1543,41,0.733,0.048
0,40,F,4,High School,Unknown,Less than $40K,Blue,34,3,4,1,3362.4,2517,1438.3,1.373,1174,15,2.267,0.742
0,40,F,4,High School,Unknown,Less than $40K,Blue,34,3,4,1,3355.8,2512,1438.3,1.392,1176,21,2.36,0.764
0,43,F,2,High School,Married,Less than $40K,Blue,36,4,2,3,2599.8,1556,1438.3,0.873,1446,29,0.869,0.616
0,54,M,2,Unknown,Married,$80K - $120K,Blue,42,4,2,3,12141.8,0,12640.3,1.063,1105,26,0.729,0.0
0,44,F,1,Graduate,Married,Less than $40K,Blue,36,4,3,2,3327.5,1581,1811.4,1.415,1170,28,2.343,0.49
0,40,F,4,High School,Unknown,Less than $40K,Blue,34,3,4,1,3329.5,2517,1438.3,1.384,1172,20,2.38,0.773
0,44,F,1,Graduate,Married,Less than $40K,Blue,36,4,3,2,3417.5,1583,1751.4,1.426,1168,24,2.294,0.479
0,59,M,1,High School,Single,$60K - $80K,Blue,46,4,1,4,7414.8,2258,4984.7,2.05,1265,31,0.831,0.296
1,57,F,3,High School,Single,Less than $40K,Blue,48,3,3,4,1446.3,0,1438.3,0.505,682,16,0.399,0.0
0,53,M,2,Uneducated,Married,$60K - $80K,Blue,48,2,2,1,2480.8,1694,1438.3,1.316,1593,29,0.856,0.705
0,50,M,1,High School,Married,$40K - $60K,Blue,36,3,2,3,4025.0,1354,2622.0,0.935,1010,25,0.758,0.335
0,42,M,2,Graduate,Married,$80K - $120K,Blue,30,6,2,3,18224.8,2265,16070.8,1.979,1781,32,0.78,0.126
1,54,F,3,Uneducated,Married,Unknown,Blue,42,5,1,2,1443.9,0,1438.3,1.021,703,19,0.899,0.0
0,61,M,1,High School,Married,$40K - $60K,Blue,56,2,2,3,3261.6,1518,1611.6,1.42,1335,29,1.185,0.49
1,47,M,1,Doctorate,Divorced,$60K - $80K,Blue,42,5,2,0,2148.0,0,2225.8,0.428,689,15,0.603,0.0
0,40,M,3,Uneducated,Married,$60K - $80K,Blue,21,5,1,0,4728.5,0,4614.8,2.167,819,32,2.483,0.0
0,47,M,2,Graduate,Single,$80K - $120K,Blue,36,5,1,2,11614.1,2263,9566.6,2.019,1543,33,0.404,0.197
0,42,M,3,Graduate,Married,$40K - $60K,Blue,36,3,1,2,4105.8,1246,2877.6,1.379,1091,21,0.842,0.314
0,48,M,3,Graduate,Married,$60K - $80K,Blue,36,5,3,4,2942.5,0,2979.2,1.864,1458,18,0.993,0.0
0,42,M,2,Graduate,Married,$80K - $120K,Blue,30,6,2,3,18183.4,2266,15309.0,1.97,1784,38,0.78,0.122
1,62,F,0,Graduate,Married,Less than $40K,Blue,49,2,3,3,1449.2,0,1438.3,1.051,688,15,0.606,0.0
1,47,M,1,Doctorate,Divorced,$60K - $80K,Blue,42,5,2,0,2261.7,0,2241.3,0.435,693,18,0.586,0.0
0,40,F,2,Graduate,Single,Less than $40K,Blue,31,5,2,2,2488.7,1471,1438.3,0.847,1127,34,0.354,0.587
0,45,M,3,High School,Married,$60K - $80K,Blue,39,5,1,3,12550.1,775,11621.0,1.358,1149,44,1.647,0.062
0,40,M,3,Uneducated,Married,$60K - $80K,Blue,21,5,1,0,4893.4,0,4762.8,2.155,815,25,2.576,0.0
0,57,M,2,Post-Graduate,Married,$40K - $60K,Blue,48,5,2,0,9177.3,0,9363.0,1.124,1124,19,0.542,0.0
0,43,F,2,High School,Single,Less than $40K,Blue,36,4,2,2,1438.3,967,1438.3,1.799,1064,30,0.358,0.691
1,51,F,1,Graduate,Single,Less than $40K,Blue,43,6,2,3,1773.5,0,1851.0,1.072,693,12,0.601,0.0
0,40,M,3,College,Married,$60K - $80K,Blue,36,4,1,1,18204.4,0,17836.2,1.228,1778,33,0.771,0.0
0,40,M,1,High School,Married,$60K - $80K,Blue,36,5,2,1,13400.6,0,13749.4,0.577,1029,20,0.585,0.0
1,48,F,3,Graduate,Married,Less than $40K,Blue,36,2,3,4,1458.7,0,1451.8,0.476,630,10,0.375,0.0
0,43,F,2,High School,Single,Less than $40K,Blue,36,4,2,2,1445.3,970,1438.3,1.707,1057,31,0.351,0.689
0,38,F,4,High School,Single,Less than $40K,Blue,28,2,3,3,2402.6,1575,1438.3,0.761,1062,18,0.903,0.632
0,59,M,1,High School,Single,$60K - $80K,Blue,46,4,1,4,7238.8,2256,5202.9,2.062,1258,24,0.863,0.308
1,52,F,2,Graduate,Married,Less than $40K,Blue,44,3,3,3,1463.4,0,1438.3,0.452,642,15,0.41,0.0
1,51,F,3,High School,Single,Less than $40K,Blue,36,6,3,3,2542.6,0,2523.5,1.054,932,21,0.494,0.0
0,45,F,4,Graduate,Single,Less than $40K,Blue,36,6,1,3,1438.3,0,1438.3,1.038,1204,29,0.602,0.0
0,41,M,2,Graduate,Single,$80K - $120K,Blue,36,4,2,3,4435.0,1670,2640.4,1.557,1537,28,0.557,0.404
0,43,F,2,High School,Married,Less than $40K,Blue,36,4,2,3,2438.7,1555,1438.3,0.832,1446,32,0.898,0.639
0,51,M,4,Unknown,Married,$120K +,Gold,46,6,1,3,33462.9,2267,32495.2,1.978,1328,26,0.73,0.065
0,48,M,3,High School,Married,$60K - $80K,Blue,36,5,1,2,12515.4,1726,10955.6,0.868,1139,42,1.639,0.132
0,49,M,2,Graduate,Married,$40K - $60K,Blue,41,3,2,0,2948.3,2434,1438.3,1.03,1180,23,1.085,0.82
0,42,M,2,Graduate,Married,$80K - $120K,Blue,30,6,2,3,18478.5,2264,16108.4,1.911,1778,39,0.745,0.124
0,42,M,1,Graduate,Married,$40K - $60K,Blue,36,4,2,2,3990.7,1471,2452.8,0.851,1085,28,0.855,0.368
1,51,F,3,High School,Single,Less than $40K,Blue,36,6,3,3,2527.7,0,2573.3,1.057,932,18,0.492,0.0
0,55,F,3,Graduate,Married,Less than $40K,Blue,36,3,3,4,1438.3,5,1438.3,0.626,1063,19,0.368,0.0
0,45,M,3,High School,Married,$60K - $80K,Blue,39,5,1,3,13057.5,782,11758.2,1.376,1142,40,1.644,0.062
0,32,M,0,High School,Unknown,$60K - $80K,Silver,27,2,2,2,29033.2,1396,27355.2,2.162,1536,38,0.706,0.048
1,62,F,0,Graduate,Married,Less than $40K,Blue,49,2,3,3,1470.4,0,1477.8,1.084,695,17,0.593,0.0
0,48,F,2,Graduate,Divorced,Less than $40K,Blue,40,5,3,3,1448.2,0,1438.3,0.686,1061,25,0.666,0.0
0,46,F,2,High School,Married,Less than $40K,Blue,36,4,2,2,2458.3,1690,1438.3,1.315,1308,33,1.057,0.709
0,45,F,4,Graduate,Single,Less than $40K,Blue,36,6,1,3,1454.7,2,1468.7,1.066,1201,32,0.646,0.0
0,43,F,2,High School,Married,Less than $40K,Blue,36,4,2,3,2514.3,1555,1438.3,0.833,1439,27,0.885,0.632
0,41,M,2,Graduate,Single,$80K - $120K,Blue,36,4,2,3,4332.0,1668,2605.1,1.521,1539,21,0.554,0.388
0,54,M,1,Doctorate,Married,$60K - $80K,Blue,40,2,3,3,8774.2,1401,7183.8,1.338,1310,33,1.408,0.161
0,43,F,2,High School,Single,Less than $40K,Blue,36,4,2,2,1444.0,968,1438.3,1.746,1062,28,0.353,0.674
0,63,M,1,High School,Married,$60K - $80K,Blue,56,3,3,2,3257.5,1926,1438.3,0.847,1015,27,0.588,0.602
0,48,F,2,Graduate,Married,Less than $40K,Blue,36,5,2,2,2487.5,1562,1438.3,0.873,1444,35,0.871,0.618
1,48,F,3,Graduate,Married,Less than $40K,Blue,36,2,3,4,1479.7,0,1440.9,0.476,626,14,0.388,0.0
1,55,M,2,Graduate,Married,$60K - $80K,Blue,46,2,3,3,2163.3,0,2184.3,0.404,653,12,0.335,0.0
0,49,F,5,Graduate,Single,Less than $40K,Blue,44,6,1,2,8553.4,865,7369.6,1.523,1288,33,3.574,0.107
1,51,F,3,High School,Single,Less than $40K,Blue,36,6,3,3,2508.0,0,2500.2,1.003,927,13,0.52,0.0
0,54,M,1,Doctorate,Married,$60K - $80K,Blue,40,2,3,3,8302.4,1407,7305.0,1.361,1306,32,1.392,0.169
0,46,M,3,Graduate,Married,$60K - $80K,Blue,36,4,1,2,9475.2,1403,8142.5,1.302,1306,37,1.346,0.154
0,43,F,2,High School,Married,Less than $40K,Blue,36,4,2,3,2458.1,1556,1438.3,0.851,1436,29,0.863,0.625
0,51,M,4,Unknown,Married,$120K +,Gold,46,6,1,3,34516.0,2261,32675.1,1.921,1333,32,0.727,0.065
0,51,M,3,Graduate,Married,$80K - $120K,Blue,36,4,1,0,3373.4,0,3431.3,2.697,1892,24,2.337,0.0
0,41,M,3,High School,Single,$80K - $120K,Blue,28,4,1,1,4231.9,0,4268.4,2.513,1526,19,0.839,0.0
0,41,M,3,Uneducated,Married,$80K - $120K,Blue,36,4,4,1,4115.4,1666,2587.7,1.55,1535,24,0.564,0.379
0,42,M,4,Graduate,Married,$60K - $80K,Gold,36,2,3,3,34203.8,1206,34059.9,0.703,1347,42,0.791,0.036
1,62,F,0,Graduate,Married,Less than $40K,Blue,49,2,3,3,1438.3,0,1465.6,1.029,695,13,0.617,0.0
0,47,M,2,Graduate,Married,$60K - $80K,Blue,42,5,2,0,2358.8,679,1728.9,1.203,1309,37,1.074,0.281
1,49,F,2,Graduate,Single,Less than $40K,Blue,36,2,3,3,1460.2,0,1450.0,0.514,651,10,0.441,0.0
0,49,M,3,Graduate,Married,$80K - $120K,Blue,36,5,1,3,11839.2,1678,9785.1,1.532,1442,32,0.906,0.141
0,63,M,1,High School,Married,$60K - $80K,Blue,56,3,3,2,3239.3,1925,1438.3,0.887,1013,32,0.598,0.609
0,50,M,4,Graduate,Married,$80K - $120K,Blue,36,4,2,2,29779.7,1681,28330.4,1.546,1671,30,0.988,0.055
0,42,F,3,Uneducated,Married,Less than $40K,Blue,32,5,3,2,2397.7,0,2441.4,0.651,962,26,0.345,0.0
0,50,M,3,Graduate,Married,$80K - $120K,Blue,36,3,1,1,11778.2,1680,10294.6,1.474,1534,29,0.934,0.144
0,48,M,2,Post-Graduate,Single,$80K - $120K,Blue,36,6,2,3,29663.5,2367,28292.4,1.675,1667,28,0.89,0.081
0,41,M,2,Graduate,Single,$80K - $120K,Blue,36,4,2,3,4405.6,1667,2645.8,1.543,1531,26,0.568,0.388
0,43,F,2,High School,Single,Less than $40K,Blue,36,4,2,2,1463.5,971,1438.3,1.768,1063,24,0.349,0.677
0,37,M,3,College,Married,$40K - $60K,Blue,36,3,3,0,9063.8,1646,7361.3,1.425,1305,34,1.484,0.182
0,54,M,2,Unknown,Married,$80K - $120K,Blue,42,4,2,3,12223.6,2,12322.5,1.127,1113,20,0.738,0.0
0,48,M,2,Post-Graduate,Single,$80K - $120K,Blue,36,6,2,3,30493.6,2365,28453.3,1.76,1675,22,0.898,0.075
0,48,M,3,College,Single,$80K - $120K,Blue,36,4,3,3,11298.0,0,11956.7,0.76,1541,22,0.413,0.0
0,44,F,3,Graduate,Single,Less than $40K,Blue,36,4,2,2,3296.6,1920,1438.3,0.866,1172,27,2.241,0.579
0,54,M,2,Unknown,Married,$80K - $120K,Blue,42,4,2,3,12050.4,0,12390.1,1.07,1107,16,0.761,0.0
0,53,M,3,High School,Married,$40K - $60K,Blue,42,3,1,2,3929.7,2040,1978.8,1.415,1013,26,0.719,0.503
0,48,M,2,Graduate,Single,$80K - $120K,Blue,36,6,3,3,11590.5,1682,10192.6,1.526,1437,36,0.883,0.144
0,44,F,1,Graduate,Married,Less than $40K,Blue,36,4,3,2,3432.1,1582,1733.1,1.412,1167,23,2.236,0.484
0,41,M,3,Uneducated,Married,$80K - $120K,Blue,36,4,4,1,4331.8,1668,2562.0,1.509,1541,30,0.558,0.414
0,47,F,4,High School,Single,Less than $40K,Blue,36,3,3,2,2463.5,1563,1438.3,0.577,1130,21,0.365,0.636
0,41,M,2,Graduate,Single,$80K - $120K,Blue,36,4,2,3,4326.0,1673,2569.1,1.542,1533,28,0.566,0.383
